age,income,employment_status,loan_amount,debt,savings,credit_history,payment_history,existing_loans,loan_duration_months,debt_to_income_ratio,loan_to_income_ratio,creditworthy,credit_status
67,23828.9,7 or more years,1169.0,545.53,unknown or no savings account,critical account or other credits existing,critical account history,2,6,0.2747,0.0491,1,Good Credit
22,8033.85,1 to 4 years,5951.0,148.78,less than 100 DM,existing credits paid back duly till now,paid current credits on time,1,48,0.2222,0.7407,0,Bad Credit
49,13016.16,4 to 7 years,2096.0,209.6,less than 100 DM,critical account or other credits existing,critical account history,1,12,0.1932,0.161,1,Good Credit
45,13984.92,4 to 7 years,7882.0,225.2,less than 100 DM,existing credits paid back duly till now,paid current credits on time,1,42,0.1932,0.5636,1,Good Credit
53,22158.5,1 to 4 years,4870.0,527.58,less than 100 DM,delay in paying off in the past,past payment delay,2,24,0.2857,0.2198,0,Bad Credit
35,16299.0,1 to 4 years,9055.0,301.83,unknown or no savings account,existing credits paid back duly till now,paid current credits on time,1,36,0.2222,0.5556,1,Good Credit
53,8384.51,7 or more years,2835.0,153.56,500 to 1000 DM,existing credits paid back duly till now,paid current credits on time,1,24,0.2198,0.3381,1,Good Credit
35,12506.4,1 to 4 years,6948.0,231.6,less than 100 DM,existing credits paid back duly till now,paid current credits on time,1,36,0.2222,0.5556,1,Good Credit
61,18996.39,4 to 7 years,3059.0,305.9,1000 DM or more,existing credits paid back duly till now,paid current credits on time,1,12,0.1932,0.161,1,Good Credit
28,12310.37,unemployed,5234.0,488.51,less than 100 DM,critical account or other credits existing,critical account history,2,30,0.4762,0.4252,0,Bad Credit
25,5303.02,less than 1 year,1295.0,140.29,less than 100 DM,existing credits paid back duly till now,paid current credits on time,1,12,0.3175,0.2442,0,Bad Credit
24,4410.32,less than 1 year,4308.0,116.68,less than 100 DM,existing credits paid back duly till now,paid current credits on time,1,48,0.3175,0.9768,0,Bad Credit
22,10342.2,1 to 4 years,1567.0,143.64,less than 100 DM,existing credits paid back duly till now,paid current credits on time,1,12,0.1667,0.1515,1,Good Credit
60,6110.1,7 or more years,1199.0,139.88,less than 100 DM,critical account or other credits existing,critical account history,2,24,0.2747,0.1962,0,Bad Credit
28,6060.96,1 to 4 years,1403.0,112.24,less than 100 DM,existing credits paid back duly till now,paid current credits on time,1,15,0.2222,0.2315,1,Good Credit
32,2512.72,1 to 4 years,1282.0,74.78,100 to 500 DM,existing credits paid back duly till now,paid current credits on time,1,24,0.3571,0.5102,0,Bad Credit
53,12352.7,7 or more years,2424.0,282.8,unknown or no savings account,critical account or other credits existing,critical account history,2,24,0.2747,0.1962,1,Good Credit
25,47075.9,less than 1 year,8072.0,968.64,unknown or no savings account,no credits taken or all paid back duly,no prior payment record,3,30,0.2469,0.1715,1,Good Credit
44,32051.29,7 or more years,12579.0,733.78,less than 100 DM,existing credits paid back duly till now,paid current credits on time,1,24,0.2747,0.3925,0,Bad Credit
31,10144.22,7 or more years,3430.0,185.79,500 to 1000 DM,existing credits paid back duly till now,paid current credits on time,1,24,0.2198,0.3381,1,Good Credit
48,33461.12,1 to 4 years,2134.0,995.87,less than 100 DM,critical account or other credits existing,critical account history,3,9,0.3571,0.0638,1,Good Credit
44,28587.6,1 to 4 years,2647.0,529.4,500 to 1000 DM,existing credits paid back duly till now,paid current credits on time,1,6,0.2222,0.0926,1,Good Credit
48,31947.7,less than 1 year,2241.0,493.02,less than 100 DM,critical account or other credits existing,critical account history,2,10,0.1852,0.0701,1,Good Credit
44,7387.38,less than 1 year,1804.0,195.43,100 to 500 DM,critical account or other credits existing,critical account history,1,12,0.3175,0.2442,1,Good Credit
26,26814.24,1 to 4 years,2069.0,496.56,unknown or no savings account,critical account or other credits existing,critical account history,2,10,0.2222,0.0772,1,Good Credit
36,18136.8,1 to 4 years,1374.0,251.9,less than 100 DM,existing credits paid back duly till now,paid current credits on time,1,6,0.1667,0.0758,1,Good Credit
39,4341.79,7 or more years,426.0,99.4,less than 100 DM,no credits taken or all paid back duly,no prior payment record,1,6,0.2747,0.0981,1,Good Credit
42,3721.9,1 to 4 years,409.0,88.62,1000 DM or more,all credits at this bank paid back duly,paid previous credits,2,12,0.2857,0.1099,1,Good Credit
34,18837.0,1 to 4 years,2415.0,448.5,less than 100 DM,existing credits paid back duly till now,paid current credits on time,1,7,0.2857,0.1282,1,Good Credit
63,16173.98,7 or more years,6836.0,296.23,less than 100 DM,delay in paying off in the past,past payment delay,2,60,0.2198,0.4227,0,Bad Credit
36,5222.49,less than 1 year,1913.0,138.16,1000 DM or more,existing credits paid back duly till now,paid current credits on time,1,18,0.3175,0.3663,1,Good Credit
27,10854.0,1 to 4 years,4020.0,201.0,less than 100 DM,existing credits paid back duly till now,paid current credits on time,1,24,0.2222,0.3704,1,Good Credit
30,42235.2,1 to 4 years,5866.0,782.13,100 to 500 DM,existing credits paid back duly till now,paid current credits on time,2,18,0.2222,0.1389,1,Good Credit
57,6441.34,7 or more years,1264.0,147.47,unknown or no savings account,critical account or other credits existing,critical account history,1,12,0.2747,0.1962,1,Good Credit
33,5200.27,less than 1 year,1474.0,171.97,less than 100 DM,existing credits paid back duly till now,paid current credits on time,1,12,0.3968,0.2834,1,Good Credit
25,8930.07,less than 1 year,4746.0,295.31,less than 100 DM,critical account or other credits existing,critical account history,2,45,0.3968,0.5315,0,Bad Credit
31,10081.5,1 to 4 years,6110.0,140.02,less than 100 DM,critical account or other credits existing,critical account history,1,48,0.1667,0.6061,1,Good Credit
37,5488.0,1 to 4 years,2100.0,163.33,less than 100 DM,existing credits paid back duly till now,paid current credits on time,1,18,0.3571,0.3827,0,Bad Credit
37,7938.0,1 to 4 years,1225.0,147.0,less than 100 DM,existing credits paid back duly till now,paid current credits on time,1,10,0.2222,0.1543,1,Good Credit
24,2393.81,1 to 4 years,458.0,71.24,less than 100 DM,existing credits paid back duly till now,paid current credits on time,1,9,0.3571,0.1913,1,Good Credit
30,4755.59,7 or more years,2333.0,108.87,500 to 1000 DM,existing credits paid back duly till now,paid current credits on time,1,30,0.2747,0.4906,1,Good Credit
26,5268.9,1 to 4 years,1158.0,125.45,500 to 1000 DM,existing credits paid back duly till now,paid current credits on time,1,12,0.2857,0.2198,1,Good Credit
44,22334.4,1 to 4 years,6204.0,413.6,less than 100 DM,delay in paying off in the past,past payment delay,1,18,0.2222,0.2778,1,Good Credit
24,37567.46,4 to 7 years,6187.0,453.71,100 to 500 DM,critical account or other credits existing,critical account history,2,30,0.1449,0.1647,1,Good Credit
58,15652.36,7 or more years,6143.0,358.34,less than 100 DM,critical account or other credits existing,critical account history,2,48,0.2747,0.3925,0,Bad Credit
35,10722.55,less than 1 year,1393.0,354.58,less than 100 DM,critical account or other credits existing,critical account history,2,11,0.3968,0.1299,1,Good Credit
39,3905.23,7 or more years,2299.0,89.41,500 to 1000 DM,existing credits paid back duly till now,paid current credits on time,1,36,0.2747,0.5887,1,Good Credit
23,13384.8,unemployed,1352.0,247.87,500 to 1000 DM,existing credits paid back duly till now,paid current credits on time,1,6,0.2222,0.101,1,Good Credit
39,104083.2,1 to 4 years,7228.0,1445.6,less than 100 DM,critical account or other credits existing,critical account history,2,11,0.1667,0.0694,1,Good Credit
28,8126.16,1 to 4 years,2073.0,241.85,100 to 500 DM,existing credits paid back duly till now,paid current credits on time,1,12,0.3571,0.2551,1,Good Credit
29,4115.41,less than 1 year,2333.0,136.09,unknown or no savings account,delay in paying off in the past,past payment delay,1,24,0.3968,0.5669,1,Good Credit
30,45493.07,7 or more years,5965.0,486.04,less than 100 DM,delay in paying off in the past,past payment delay,2,27,0.1282,0.1311,1,Good Credit
25,5742.1,1 to 4 years,1262.0,136.72,less than 100 DM,existing credits paid back duly till now,paid current credits on time,1,12,0.2857,0.2198,1,Good Credit
31,12160.8,1 to 4 years,3378.0,225.2,unknown or no savings account,existing credits paid back duly till now,paid current credits on time,1,18,0.2222,0.2778,1,Good Credit
57,7559.07,7 or more years,2225.0,173.06,less than 100 DM,delay in paying off in the past,past payment delay,2,36,0.2747,0.2943,0,Bad Credit
26,10335.6,1 to 4 years,783.0,143.55,unknown or no savings account,all credits at this bank paid back duly,paid previous credits,1,6,0.1667,0.0758,1,Good Credit
52,26195.4,unemployed,6468.0,646.8,unknown or no savings account,existing credits paid back duly till now,paid current credits on time,1,12,0.2963,0.2469,0,Bad Credit
31,34437.6,1 to 4 years,9566.0,637.73,less than 100 DM,critical account or other credits existing,critical account history,2,36,0.2222,0.2778,1,Good Credit
23,7732.88,7 or more years,1961.0,141.63,less than 100 DM,existing credits paid back duly till now,paid current credits on time,1,18,0.2198,0.2536,1,Good Credit
23,14650.61,less than 1 year,6229.0,484.48,less than 100 DM,critical account or other credits existing,critical account history,2,36,0.3968,0.4252,0,Bad Credit
27,10015.2,1 to 4 years,1391.0,185.47,less than 100 DM,existing credits paid back duly till now,paid current credits on time,1,9,0.2222,0.1389,1,Good Credit
50,12532.08,7 or more years,1537.0,286.91,unknown or no savings account,critical account or other credits existing,critical account history,2,15,0.2747,0.1226,1,Good Credit
61,3317.5,7 or more years,1953.0,75.95,less than 100 DM,no credits taken or all paid back duly,no prior payment record,1,36,0.2747,0.5887,0,Bad Credit
25,19468.35,1 to 4 years,14421.0,360.52,less than 100 DM,no credits taken or all paid back duly,no prior payment record,1,48,0.2222,0.7407,0,Bad Credit
26,5611.28,less than 1 year,3181.0,185.56,less than 100 DM,existing credits paid back duly till now,paid current credits on time,1,24,0.3968,0.5669,1,Good Credit
48,47019.09,7 or more years,5190.0,1076.44,unknown or no savings account,existing credits paid back duly till now,paid current credits on time,4,27,0.2747,0.1104,1,Good Credit
29,10551.06,less than 1 year,2171.0,217.1,less than 100 DM,existing credits paid back duly till now,paid current credits on time,1,12,0.2469,0.2058,1,Good Credit
22,3947.44,1 to 4 years,1007.0,117.48,1000 DM or more,existing credits paid back duly till now,paid current credits on time,1,12,0.3571,0.2551,1,Good Credit
37,2376.83,1 to 4 years,1819.0,70.74,less than 100 DM,existing credits paid back duly till now,paid current credits on time,1,36,0.3571,0.7653,0,Bad Credit
25,3128.16,1 to 4 years,2394.0,93.1,unknown or no savings account,existing credits paid back duly till now,paid current credits on time,1,36,0.3571,0.7653,1,Good Credit
30,17892.6,1 to 4 years,8133.0,248.51,less than 100 DM,existing credits paid back duly till now,paid current credits on time,1,36,0.1667,0.4545,1,Good Credit
46,12754.56,7 or more years,730.0,292.0,unknown or no savings account,critical account or other credits existing,critical account history,2,7,0.2747,0.0572,1,Good Credit
51,20655.18,7 or more years,1164.0,378.3,less than 100 DM,critical account or other credits existing,critical account history,2,8,0.2198,0.0564,1,Good Credit
41,21128.19,4 to 7 years,5954.0,340.23,less than 100 DM,critical account or other credits existing,critical account history,2,42,0.1932,0.2818,1,Good Credit
40,3358.26,7 or more years,1977.0,76.88,unknown or no savings account,existing credits paid back duly till now,paid current credits on time,1,36,0.2747,0.5887,0,Bad Credit
66,15552.99,7 or more years,1526.0,356.07,less than 100 DM,critical account or other credits existing,critical account history,2,12,0.2747,0.0981,1,Good Credit
34,3996.72,less than 1 year,3965.0,132.17,less than 100 DM,existing credits paid back duly till now,paid current credits on time,1,42,0.3968,0.9921,0,Bad Credit
51,32321.36,4 to 7 years,4771.0,520.47,less than 100 DM,delay in paying off in the past,past payment delay,1,11,0.1932,0.1476,1,Good Credit
39,11323.2,1 to 4 years,9436.0,209.69,unknown or no savings account,no credits taken or all paid back duly,no prior payment record,1,54,0.2222,0.8333,1,Good Credit
22,7449.41,less than 1 year,3832.0,153.28,less than 100 DM,existing credits paid back duly till now,paid current credits on time,1,30,0.2469,0.5144,1,Good Credit
44,35301.42,less than 1 year,5943.0,544.78,unknown or no savings account,existing credits paid back duly till now,paid current credits on time,2,24,0.1852,0.1684,0,Bad Credit
47,4945.16,7 or more years,1213.0,113.21,500 to 1000 DM,existing credits paid back duly till now,paid current credits on time,1,15,0.2747,0.2453,1,Good Credit
24,4756.27,1 to 4 years,1568.0,113.24,100 to 500 DM,existing credits paid back duly till now,paid current credits on time,1,18,0.2857,0.3297,1,Good Credit
58,4471.74,7 or more years,1755.0,102.38,less than 100 DM,existing credits paid back duly till now,paid current credits on time,1,24,0.2747,0.3925,1,Good Credit
52,16431.87,7 or more years,2315.0,300.95,less than 100 DM,existing credits paid back duly till now,paid current credits on time,1,10,0.2198,0.1409,1,Good Credit
29,11070.08,1 to 4 years,1412.0,329.47,less than 100 DM,critical account or other credits existing,critical account history,2,12,0.3571,0.1276,1,Good Credit
27,6091.68,less than 1 year,1295.0,201.44,less than 100 DM,critical account or other credits existing,critical account history,2,18,0.3968,0.2126,1,Good Credit
47,27746.4,1 to 4 years,12612.0,385.37,100 to 500 DM,existing credits paid back duly till now,paid current credits on time,1,36,0.1667,0.4545,0,Bad Credit
30,6758.99,4 to 7 years,2249.0,174.92,100 to 500 DM,existing credits paid back duly till now,paid current credits on time,1,18,0.3106,0.3327,1,Good Credit
28,9989.73,4 to 7 years,1108.0,258.53,less than 100 DM,no credits taken or all paid back duly,no prior payment record,2,12,0.3106,0.1109,0,Bad Credit
56,3149.33,7 or more years,618.0,72.1,less than 100 DM,critical account or other credits existing,critical account history,1,12,0.2747,0.1962,1,Good Credit
54,7180.26,7 or more years,1409.0,164.38,less than 100 DM,critical account or other credits existing,critical account history,1,12,0.2747,0.1962,1,Good Credit
33,4061.51,7 or more years,797.0,92.98,unknown or no savings account,critical account or other credits existing,critical account history,1,12,0.2747,0.1962,0,Bad Credit
20,18432.23,7 or more years,3617.0,421.98,unknown or no savings account,critical account or other credits existing,critical account history,2,24,0.2747,0.1962,1,Good Credit
54,6716.53,7 or more years,1318.0,153.77,1000 DM or more,existing credits paid back duly till now,paid current credits on time,1,12,0.2747,0.1962,1,Good Credit
58,14509.95,less than 1 year,15945.0,383.86,less than 100 DM,no credits taken or all paid back duly,no prior payment record,1,54,0.3175,1.0989,0,Bad Credit
61,9070.1,4 to 7 years,2012.0,234.73,unknown or no savings account,critical account or other credits existing,critical account history,1,12,0.3106,0.2218,1,Good Credit
34,6852.16,1 to 4 years,2622.0,203.93,100 to 500 DM,existing credits paid back duly till now,paid current credits on time,1,18,0.3571,0.3827,1,Good Credit
36,3969.78,7 or more years,2337.0,90.88,less than 100 DM,critical account or other credits existing,critical account history,1,36,0.2747,0.5887,1,Good Credit
36,44310.9,4 to 7 years,7057.0,917.41,unknown or no savings account,delay in paying off in the past,past payment delay,2,20,0.2484,0.1593,1,Good Credit
41,3743.01,7 or more years,1469.0,85.69,100 to 500 DM,existing credits paid back duly till now,paid current credits on time,1,24,0.2747,0.3925,1,Good Credit
24,3490.69,4 to 7 years,2323.0,90.34,less than 100 DM,existing credits paid back duly till now,paid current credits on time,1,36,0.3106,0.6655,1,Good Credit
24,8481.2,1 to 4 years,932.0,201.93,less than 100 DM,delay in paying off in the past,past payment delay,1,6,0.2857,0.1099,1,Good Credit
35,11534.47,4 to 7 years,1919.0,298.51,less than 100 DM,critical account or other credits existing,critical account history,1,9,0.3106,0.1664,1,Good Credit
26,11882.7,less than 1 year,2445.0,244.5,unknown or no savings account,existing credits paid back duly till now,paid current credits on time,1,12,0.2469,0.2058,1,Good Credit
39,64465.2,1 to 4 years,11938.0,1193.8,less than 100 DM,critical account or other credits existing,critical account history,2,24,0.2222,0.1852,0,Bad Credit
39,60446.88,7 or more years,6458.0,861.07,less than 100 DM,all credits at this bank paid back duly,paid previous credits,2,18,0.1709,0.1068,0,Bad Credit
32,37744.38,4 to 7 years,6078.0,607.8,less than 100 DM,existing credits paid back duly till now,paid current credits on time,1,12,0.1932,0.161,1,Good Credit
30,22931.37,less than 1 year,7721.0,353.88,unknown or no savings account,existing credits paid back duly till now,paid current credits on time,1,24,0.1852,0.3367,1,Good Credit
35,10369.54,7 or more years,1410.0,110.79,500 to 1000 DM,existing credits paid back duly till now,paid current credits on time,1,14,0.1282,0.136,1,Good Credit
31,49729.68,7 or more years,1449.0,531.3,100 to 500 DM,delay in paying off in the past,past payment delay,2,6,0.1282,0.0291,1,Good Credit
23,1106.38,less than 1 year,392.0,36.59,less than 100 DM,existing credits paid back duly till now,paid current credits on time,1,15,0.3969,0.3543,1,Good Credit
28,21836.97,4 to 7 years,6260.0,452.11,less than 100 DM,existing credits paid back duly till now,paid current credits on time,1,18,0.2484,0.2867,1,Good Credit
25,20527.73,1 to 4 years,7855.0,610.94,less than 100 DM,critical account or other credits existing,critical account history,2,36,0.3571,0.3827,0,Bad Credit
35,9937.2,7 or more years,1680.0,182.0,500 to 1000 DM,existing credits paid back duly till now,paid current credits on time,1,12,0.2198,0.1691,1,Good Credit
47,4558.37,7 or more years,3578.0,104.36,unknown or no savings account,critical account or other credits existing,critical account history,1,48,0.2747,0.7849,1,Good Credit
30,9240.11,4 to 7 years,7174.0,239.13,unknown or no savings account,existing credits paid back duly till now,paid current credits on time,1,42,0.3106,0.7764,0,Bad Credit
27,24867.65,less than 1 year,2132.0,511.68,unknown or no savings account,critical account or other credits existing,critical account history,2,10,0.2469,0.0857,1,Good Credit
23,20548.8,1 to 4 years,4281.0,285.4,500 to 1000 DM,critical account or other credits existing,critical account history,2,33,0.1667,0.2083,0,Bad Credit
36,12380.09,4 to 7 years,2366.0,256.32,500 to 1000 DM,critical account or other credits existing,critical account history,1,12,0.2485,0.1911,1,Good Credit
25,9542.0,1 to 4 years,1835.0,227.19,less than 100 DM,existing credits paid back duly till now,paid current credits on time,2,21,0.2857,0.1923,0,Bad Credit
41,19711.33,7 or more years,3868.0,451.27,less than 100 DM,critical account or other credits existing,critical account history,2,24,0.2747,0.1962,1,Good Credit
24,8044.4,1 to 4 years,1768.0,191.53,less than 100 DM,existing credits paid back duly till now,paid current credits on time,1,12,0.2857,0.2198,1,Good Credit
63,9551.94,7 or more years,781.0,218.68,less than 100 DM,critical account or other credits existing,critical account history,2,10,0.2747,0.0818,1,Good Credit
27,4525.25,less than 1 year,1924.0,149.64,unknown or no savings account,existing credits paid back duly till now,paid current credits on time,1,18,0.3968,0.4252,0,Bad Credit
30,16628.64,1 to 4 years,2121.0,494.9,less than 100 DM,critical account or other credits existing,critical account history,2,12,0.3571,0.1276,1,Good Credit
40,2747.92,1 to 4 years,701.0,81.78,less than 100 DM,existing credits paid back duly till now,paid current credits on time,1,12,0.3571,0.2551,1,Good Credit
30,2504.88,1 to 4 years,639.0,74.55,less than 100 DM,existing credits paid back duly till now,paid current credits on time,1,12,0.3571,0.2551,0,Bad Credit
34,10936.8,unemployed,1860.0,434.0,less than 100 DM,critical account or other credits existing,critical account history,2,12,0.4762,0.1701,1,Good Credit
29,31840.9,1 to 4 years,3499.0,758.12,less than 100 DM,critical account or other credits existing,critical account history,2,12,0.2857,0.1099,0,Bad Credit
24,16104.08,4 to 7 years,8487.0,194.49,unknown or no savings account,existing credits paid back duly till now,paid current credits on time,1,48,0.1449,0.527,1,Good Credit
29,8999.01,1 to 4 years,6887.0,267.83,less than 100 DM,delay in paying off in the past,past payment delay,1,36,0.3571,0.7653,0,Bad Credit
27,21057.41,less than 1 year,2708.0,433.28,less than 100 DM,existing credits paid back duly till now,paid current credits on time,2,15,0.2469,0.1286,1,Good Credit
47,10369.71,1 to 4 years,1984.0,308.62,less than 100 DM,existing credits paid back duly till now,paid current credits on time,2,18,0.3571,0.1913,1,Good Credit
21,12598.85,4 to 7 years,10144.0,202.88,100 to 500 DM,existing credits paid back duly till now,paid current credits on time,1,60,0.1932,0.8052,1,Good Credit
38,12638.08,7 or more years,1240.0,289.33,unknown or no savings account,critical account or other credits existing,critical account history,2,12,0.2747,0.0981,1,Good Credit
27,41342.4,1 to 4 years,8613.0,765.6,1000 DM or more,delay in paying off in the past,past payment delay,2,27,0.2222,0.2083,1,Good Credit
66,3002.72,1 to 4 years,766.0,89.37,500 to 1000 DM,existing credits paid back duly till now,paid current credits on time,1,12,0.3572,0.2551,0,Bad Credit
35,29514.78,4 to 7 years,2728.0,763.84,unknown or no savings account,critical account or other credits existing,critical account history,3,15,0.3106,0.0924,1,Good Credit
44,10157.4,1 to 4 years,1881.0,188.1,less than 100 DM,existing credits paid back duly till now,paid current credits on time,1,12,0.2222,0.1852,1,Good Credit
27,6891.48,less than 1 year,709.0,141.8,1000 DM or more,existing credits paid back duly till now,paid current credits on time,1,6,0.2469,0.1029,1,Good Credit
30,5638.92,less than 1 year,4795.0,186.47,less than 100 DM,existing credits paid back duly till now,paid current credits on time,1,36,0.3968,0.8503,1,Good Credit
27,6907.91,1 to 4 years,3416.0,164.47,less than 100 DM,existing credits paid back duly till now,paid current credits on time,1,27,0.2857,0.4945,1,Good Credit
22,8863.2,1 to 4 years,2462.0,164.13,less than 100 DM,existing credits paid back duly till now,paid current credits on time,1,18,0.2222,0.2778,0,Bad Credit
23,4612.61,less than 1 year,2288.0,152.53,less than 100 DM,critical account or other credits existing,critical account history,1,21,0.3968,0.496,1,Good Credit
30,4018.88,4 to 7 years,3566.0,104.01,100 to 500 DM,all credits at this bank paid back duly,paid previous credits,1,48,0.3106,0.8873,1,Good Credit
39,29515.2,7 or more years,860.0,315.33,less than 100 DM,critical account or other credits existing,critical account history,2,6,0.1282,0.0291,1,Good Credit
51,6148.91,4 to 7 years,682.0,159.13,100 to 500 DM,critical account or other credits existing,critical account history,2,12,0.3106,0.1109,1,Good Credit
28,16292.03,1 to 4 years,5371.0,387.91,less than 100 DM,critical account or other credits existing,critical account history,2,36,0.2857,0.3297,1,Good Credit
46,10749.16,7 or more years,1582.0,246.09,1000 DM or more,critical account or other credits existing,critical account history,2,18,0.2747,0.1472,1,Good Credit
42,18897.84,7 or more years,1346.0,269.2,100 to 500 DM,existing credits paid back duly till now,paid current credits on time,1,6,0.1709,0.0712,1,Good Credit
38,15238.08,1 to 4 years,1924.0,211.64,less than 100 DM,existing credits paid back duly till now,paid current credits on time,1,10,0.1667,0.1263,1,Good Credit
24,7641.39,1 to 4 years,5848.0,227.42,less than 100 DM,existing credits paid back duly till now,paid current credits on time,1,36,0.3571,0.7653,1,Good Credit
29,27230.58,7 or more years,7758.0,387.9,1000 DM or more,critical account or other credits existing,critical account history,1,24,0.1709,0.2849,1,Good Credit
36,15703.62,4 to 7 years,6967.0,406.41,100 to 500 DM,delay in paying off in the past,past payment delay,1,24,0.3106,0.4437,1,Good Credit
20,6922.8,1 to 4 years,1282.0,128.2,less than 100 DM,existing credits paid back duly till now,paid current credits on time,1,12,0.2222,0.1852,0,Bad Credit
48,20316.05,7 or more years,1288.0,372.09,100 to 500 DM,critical account or other credits existing,critical account history,2,9,0.2198,0.0634,1,Good Credit
45,1727.54,7 or more years,339.0,39.55,less than 100 DM,all credits at this bank paid back duly,paid previous credits,1,12,0.2747,0.1962,1,Good Credit
38,21809.52,4 to 7 years,3512.0,351.2,100 to 500 DM,existing credits paid back duly till now,paid current credits on time,2,24,0.1932,0.161,1,Good Credit
34,50107.2,1 to 4 years,1898.0,695.93,unknown or no savings account,critical account or other credits existing,critical account history,2,6,0.1667,0.0379,1,Good Credit
36,8493.94,7 or more years,2872.0,155.57,100 to 500 DM,critical account or other credits existing,critical account history,1,24,0.2198,0.3381,1,Good Credit
30,4962.72,less than 1 year,1055.0,164.11,less than 100 DM,critical account or other credits existing,critical account history,2,18,0.3968,0.2126,1,Good Credit
36,9102.55,4 to 7 years,1262.0,235.57,500 to 1000 DM,existing credits paid back duly till now,paid current credits on time,2,15,0.3106,0.1386,1,Good Credit
70,35516.88,unemployed,7308.0,876.96,less than 100 DM,existing credits paid back duly till now,paid current credits on time,1,10,0.2963,0.2058,1,Good Credit
36,1544.09,7 or more years,909.0,35.35,500 to 1000 DM,existing credits paid back duly till now,paid current credits on time,1,36,0.2747,0.5887,1,Good Credit
32,39309.6,1 to 4 years,2978.0,545.97,500 to 1000 DM,existing credits paid back duly till now,paid current credits on time,1,6,0.1667,0.0758,1,Good Credit
33,2216.76,unemployed,1131.0,87.97,less than 100 DM,existing credits paid back duly till now,paid current credits on time,1,18,0.4762,0.5102,0,Bad Credit
20,6069.44,less than 1 year,1577.0,200.71,1000 DM or more,existing credits paid back duly till now,paid current credits on time,1,11,0.3968,0.2598,1,Good Credit
25,12333.06,4 to 7 years,3972.0,198.6,less than 100 DM,existing credits paid back duly till now,paid current credits on time,1,24,0.1932,0.3221,1,Good Credit
31,9860.76,7 or more years,1935.0,225.75,less than 100 DM,critical account or other credits existing,critical account history,2,24,0.2747,0.1962,0,Bad Credit
33,7745.92,7 or more years,950.0,177.33,less than 100 DM,no credits taken or all paid back duly,no prior payment record,2,15,0.2747,0.1226,0,Bad Credit
26,2990.96,1 to 4 years,763.0,89.02,less than 100 DM,existing credits paid back duly till now,paid current credits on time,1,12,0.3572,0.2551,1,Good Credit
34,3521.7,unemployed,2064.0,111.8,less than 100 DM,delay in paying off in the past,past payment delay,1,24,0.381,0.5861,0,Bad Credit
33,8314.32,1 to 4 years,1414.0,247.45,less than 100 DM,existing credits paid back duly till now,paid current credits on time,1,8,0.3571,0.1701,1,Good Credit
26,18962.33,less than 1 year,3414.0,390.17,less than 100 DM,delay in paying off in the past,past payment delay,2,21,0.2469,0.18,0,Bad Credit
53,8802.36,unemployed,7485.0,349.3,unknown or no savings account,all credits at this bank paid back duly,paid previous credits,1,30,0.4762,0.8503,0,Bad Credit
42,13915.8,1 to 4 years,2577.0,257.7,less than 100 DM,existing credits paid back duly till now,paid current credits on time,1,12,0.2222,0.1852,1,Good Credit
52,6889.79,7 or more years,338.0,157.73,500 to 1000 DM,critical account or other credits existing,critical account history,2,6,0.2747,0.0491,1,Good Credit
31,17698.41,4 to 7 years,1963.0,458.03,less than 100 DM,existing credits paid back duly till now,paid current credits on time,2,12,0.3106,0.1109,1,Good Credit
65,3325.5,7 or more years,571.0,76.13,less than 100 DM,critical account or other credits existing,critical account history,2,21,0.2747,0.1717,1,Good Credit
28,37905.12,less than 1 year,9572.0,584.96,less than 100 DM,delay in paying off in the past,past payment delay,2,36,0.1852,0.2525,0,Bad Credit
30,16038.0,1 to 4 years,4455.0,297.0,less than 100 DM,delay in paying off in the past,past payment delay,2,36,0.2222,0.2778,0,Bad Credit
40,7378.56,1 to 4 years,1647.0,219.6,unknown or no savings account,all credits at this bank paid back duly,paid previous credits,2,21,0.3571,0.2232,0,Bad Credit
50,7402.92,1 to 4 years,3777.0,220.32,1000 DM or more,critical account or other credits existing,critical account history,1,24,0.3571,0.5102,1,Good Credit
36,3003.24,7 or more years,884.0,68.76,less than 100 DM,critical account or other credits existing,critical account history,1,18,0.2747,0.2943,0,Bad Credit
31,8529.92,1 to 4 years,1360.0,253.87,less than 100 DM,critical account or other credits existing,critical account history,2,15,0.3571,0.1594,1,Good Credit
74,48007.44,7 or more years,5129.0,683.87,less than 100 DM,all credits at this bank paid back duly,paid previous credits,1,9,0.1709,0.1068,0,Bad Credit
68,10707.19,unemployed,1175.0,264.38,less than 100 DM,critical account or other credits existing,critical account history,3,16,0.2963,0.1097,1,Good Credit
20,3038.39,4 to 7 years,674.0,78.63,100 to 500 DM,existing credits paid back duly till now,paid current credits on time,1,12,0.3105,0.2218,0,Bad Credit
33,28547.2,1 to 4 years,3244.0,396.49,less than 100 DM,no credits taken or all paid back duly,no prior payment record,2,18,0.1667,0.1136,1,Good Credit
54,37187.1,1 to 4 years,4591.0,688.65,1000 DM or more,existing credits paid back duly till now,paid current credits on time,3,24,0.2222,0.1235,0,Bad Credit
34,4332.19,4 to 7 years,3844.0,112.12,100 to 500 DM,no credits taken or all paid back duly,no prior payment record,1,48,0.3106,0.8873,0,Bad Credit
36,6820.8,1 to 4 years,3915.0,203.0,less than 100 DM,existing credits paid back duly till now,paid current credits on time,1,27,0.3571,0.574,0,Bad Credit
29,26181.36,4 to 7 years,2108.0,421.6,less than 100 DM,existing credits paid back duly till now,paid current credits on time,1,6,0.1932,0.0805,1,Good Credit
21,3168.41,1 to 4 years,3031.0,94.3,100 to 500 DM,existing credits paid back duly till now,paid current credits on time,1,45,0.3572,0.9566,0,Bad Credit
34,28098.72,7 or more years,1501.0,400.27,less than 100 DM,critical account or other credits existing,critical account history,2,9,0.1709,0.0534,0,Bad Credit
28,36484.8,1 to 4 years,1382.0,506.73,less than 100 DM,critical account or other credits existing,critical account history,2,6,0.1667,0.0379,1,Good Credit
27,13420.51,less than 1 year,951.0,443.8,100 to 500 DM,existing credits paid back duly till now,paid current credits on time,4,12,0.3968,0.0709,0,Bad Credit
36,7032.48,7 or more years,2760.0,161.0,unknown or no savings account,existing credits paid back duly till now,paid current credits on time,1,24,0.2747,0.3925,1,Good Credit
40,14598.34,7 or more years,4297.0,334.21,less than 100 DM,delay in paying off in the past,past payment delay,1,18,0.2747,0.2943,0,Bad Credit
52,12719.62,7 or more years,936.0,291.2,500 to 1000 DM,critical account or other credits existing,critical account history,2,9,0.2747,0.0736,1,Good Credit
27,4578.56,1 to 4 years,1168.0,136.27,less than 100 DM,existing credits paid back duly till now,paid current credits on time,1,12,0.3572,0.2551,1,Good Credit
26,23799.74,4 to 7 years,5117.0,492.75,less than 100 DM,delay in paying off in the past,past payment delay,2,27,0.2484,0.215,1,Good Credit
21,4066.22,4 to 7 years,902.0,105.23,less than 100 DM,existing credits paid back duly till now,paid current credits on time,1,12,0.3105,0.2218,0,Bad Credit
38,15237.04,7 or more years,1495.0,348.83,less than 100 DM,critical account or other credits existing,critical account history,2,12,0.2747,0.0981,1,Good Credit
38,75402.05,7 or more years,10623.0,1380.99,less than 100 DM,critical account or other credits existing,critical account history,3,30,0.2198,0.1409,1,Good Credit
43,29582.28,7 or more years,1935.0,677.25,less than 100 DM,critical account or other credits existing,critical account history,3,12,0.2747,0.0654,1,Good Credit
26,6419.39,4 to 7 years,1424.0,166.13,less than 100 DM,critical account or other credits existing,critical account history,1,12,0.3106,0.2218,1,Good Credit
21,17733.6,1 to 4 years,6568.0,328.4,less than 100 DM,existing credits paid back duly till now,paid current credits on time,1,24,0.2222,0.3704,1,Good Credit
55,7393.52,4 to 7 years,1413.0,153.08,1000 DM or more,existing credits paid back duly till now,paid current credits on time,1,12,0.2485,0.1911,1,Good Credit
33,54102.4,1 to 4 years,3074.0,751.42,unknown or no savings account,critical account or other credits existing,critical account history,2,9,0.1667,0.0568,1,Good Credit
45,8973.9,7 or more years,3835.0,127.83,unknown or no savings account,existing credits paid back duly till now,paid current credits on time,1,36,0.1709,0.4274,1,Good Credit
50,19054.8,unemployed,5293.0,470.49,less than 100 DM,no credits taken or all paid back duly,no prior payment record,2,27,0.2963,0.2778,0,Bad Credit
66,3889.27,7 or more years,1908.0,89.04,less than 100 DM,delay in paying off in the past,past payment delay,1,30,0.2747,0.4906,0,Bad Credit
51,5676.94,7 or more years,3342.0,129.97,unknown or no savings account,critical account or other credits existing,critical account history,1,36,0.2747,0.5887,1,Good Credit
39,28295.52,4 to 7 years,932.0,341.73,unknown or no savings account,critical account or other credits existing,critical account history,2,6,0.1449,0.0329,1,Good Credit
31,10827.79,4 to 7 years,3104.0,224.18,less than 100 DM,no credits taken or all paid back duly,no prior payment record,1,18,0.2484,0.2867,1,Good Credit
23,7043.4,1 to 4 years,3913.0,130.43,less than 100 DM,existing credits paid back duly till now,paid current credits on time,1,36,0.2222,0.5556,1,Good Credit
24,8156.7,1 to 4 years,3021.0,151.05,less than 100 DM,existing credits paid back duly till now,paid current credits on time,1,24,0.2222,0.3704,1,Good Credit
64,8838.72,1 to 4 years,1364.0,163.68,less than 100 DM,existing credits paid back duly till now,paid current credits on time,1,10,0.2222,0.1543,1,Good Credit
26,2205.0,less than 1 year,625.0,72.92,less than 100 DM,existing credits paid back duly till now,paid current credits on time,1,12,0.3968,0.2834,1,Good Credit
23,4704.0,1 to 4 years,1200.0,140.0,unknown or no savings account,existing credits paid back duly till now,paid current credits on time,1,12,0.3571,0.2551,1,Good Credit
30,5542.88,1 to 4 years,707.0,164.97,less than 100 DM,existing credits paid back duly till now,paid current credits on time,2,12,0.3572,0.1276,1,Good Credit
32,11673.76,1 to 4 years,2978.0,347.43,unknown or no savings account,delay in paying off in the past,past payment delay,2,24,0.3571,0.2551,1,Good Credit
30,16951.48,1 to 4 years,4657.0,403.61,less than 100 DM,existing credits paid back duly till now,paid current credits on time,1,15,0.2857,0.2747,1,Good Credit
27,6828.64,1 to 4 years,2613.0,203.23,less than 100 DM,no credits taken or all paid back duly,no prior payment record,2,36,0.3571,0.3827,1,Good Credit
27,41596.99,4 to 7 years,10961.0,502.38,1000 DM or more,existing credits paid back duly till now,paid current credits on time,2,48,0.1449,0.2635,0,Bad Credit
53,40080.04,7 or more years,7865.0,917.58,less than 100 DM,existing credits paid back duly till now,paid current credits on time,1,12,0.2747,0.1962,0,Bad Credit
22,8883.77,4 to 7 years,1478.0,229.91,less than 100 DM,existing credits paid back duly till now,paid current credits on time,1,9,0.3106,0.1664,0,Bad Credit
22,5554.84,less than 1 year,3149.0,183.69,less than 100 DM,existing credits paid back duly till now,paid current credits on time,1,24,0.3968,0.5669,1,Good Credit
26,5501.07,1 to 4 years,4210.0,163.72,less than 100 DM,existing credits paid back duly till now,paid current credits on time,1,36,0.3571,0.7653,0,Bad Credit
51,23465.52,7 or more years,2507.0,334.27,500 to 1000 DM,existing credits paid back duly till now,paid current credits on time,1,9,0.1709,0.1068,1,Good Credit
35,11202.78,4 to 7 years,2141.0,231.94,100 to 500 DM,existing credits paid back duly till now,paid current credits on time,1,12,0.2484,0.1911,1,Good Credit
25,2263.15,1 to 4 years,866.0,67.36,less than 100 DM,existing credits paid back duly till now,paid current credits on time,1,18,0.3572,0.3827,1,Good Credit
42,86294.16,4 to 7 years,1544.0,1389.6,less than 100 DM,critical account or other credits existing,critical account history,3,4,0.1932,0.0179,1,Good Credit
30,2679.81,unemployed,1823.0,106.34,less than 100 DM,existing credits paid back duly till now,paid current credits on time,1,24,0.4762,0.6803,0,Bad Credit
23,144094.5,unemployed,14555.0,2668.42,unknown or no savings account,existing credits paid back duly till now,paid current credits on time,1,6,0.2222,0.101,0,Bad Credit
61,16115.01,7 or more years,2767.0,368.93,100 to 500 DM,existing credits paid back duly till now,paid current credits on time,2,21,0.2747,0.1717,0,Bad Credit
35,10121.44,1 to 4 years,1291.0,301.23,less than 100 DM,critical account or other credits existing,critical account history,2,12,0.3571,0.1276,1,Good Credit
39,8655.5,7 or more years,2522.0,92.47,less than 100 DM,existing credits paid back duly till now,paid current credits on time,1,30,0.1282,0.2914,1,Good Credit
29,2331.42,7 or more years,915.0,53.38,unknown or no savings account,existing credits paid back duly till now,paid current credits on time,1,24,0.2748,0.3925,0,Bad Credit
51,16691.67,4 to 7 years,1595.0,345.58,less than 100 DM,existing credits paid back duly till now,paid current credits on time,1,6,0.2484,0.0956,1,Good Credit
24,13619.29,7 or more years,4605.0,249.44,less than 100 DM,no credits taken or all paid back duly,no prior payment record,2,48,0.2198,0.3381,0,Bad Credit
27,10783.5,1 to 4 years,1185.0,256.75,less than 100 DM,critical account or other credits existing,critical account history,2,12,0.2857,0.1099,1,Good Credit
35,13512.24,1 to 4 years,3447.0,402.15,500 to 1000 DM,all credits at this bank paid back duly,paid previous credits,1,12,0.3571,0.2551,1,Good Credit
25,2835.53,4 to 7 years,1258.0,73.38,less than 100 DM,existing credits paid back duly till now,paid current credits on time,1,24,0.3105,0.4437,1,Good Credit
52,10961.5,7 or more years,717.0,250.95,less than 100 DM,critical account or other credits existing,critical account history,3,12,0.2747,0.0654,1,Good Credit
35,9439.36,1 to 4 years,1204.0,280.93,100 to 500 DM,no credits taken or all paid back duly,no prior payment record,1,6,0.3571,0.1276,1,Good Credit
26,5197.5,1 to 4 years,1925.0,96.25,less than 100 DM,existing credits paid back duly till now,paid current credits on time,1,24,0.2222,0.3704,1,Good Credit
22,985.08,unemployed,433.0,31.27,less than 100 DM,existing credits paid back duly till now,paid current credits on time,1,18,0.3809,0.4396,0,Bad Credit
39,13939.38,4 to 7 years,666.0,288.6,1000 DM or more,critical account or other credits existing,critical account history,2,6,0.2484,0.0478,1,Good Credit
46,14856.6,1 to 4 years,2251.0,206.34,less than 100 DM,existing credits paid back duly till now,paid current credits on time,1,12,0.1667,0.1515,1,Good Credit
24,3371.2,1 to 4 years,2150.0,100.33,less than 100 DM,existing credits paid back duly till now,paid current credits on time,1,30,0.3571,0.6378,0,Bad Credit
35,22415.4,1 to 4 years,4151.0,415.1,100 to 500 DM,delay in paying off in the past,past payment delay,2,24,0.2222,0.1852,1,Good Credit
24,16808.4,4 to 7 years,2030.0,270.67,unknown or no savings account,existing credits paid back duly till now,paid current credits on time,1,9,0.1932,0.1208,1,Good Credit
27,9791.76,1 to 4 years,7418.0,136.0,unknown or no savings account,delay in paying off in the past,past payment delay,1,60,0.1667,0.7576,1,Good Credit
35,10521.28,1 to 4 years,2684.0,313.13,less than 100 DM,critical account or other credits existing,critical account history,2,24,0.3571,0.2551,1,Good Credit
29,8424.08,1 to 4 years,2149.0,250.72,less than 100 DM,all credits at this bank paid back duly,paid previous credits,1,12,0.3571,0.2551,0,Bad Credit
23,18114.62,less than 1 year,3812.0,279.55,100 to 500 DM,existing credits paid back duly till now,paid current credits on time,1,15,0.1852,0.2104,1,Good Credit
57,11103.58,unemployed,1154.0,440.62,100 to 500 DM,critical account or other credits existing,critical account history,3,11,0.4762,0.1039,1,Good Credit
27,8947.8,1 to 4 years,1657.0,165.7,less than 100 DM,existing credits paid back duly till now,paid current credits on time,1,12,0.2222,0.1852,1,Good Credit
55,4084.44,7 or more years,1603.0,93.51,less than 100 DM,existing credits paid back duly till now,paid current credits on time,1,24,0.2747,0.3925,1,Good Credit
36,74440.08,7 or more years,5302.0,1060.4,less than 100 DM,critical account or other credits existing,critical account history,3,18,0.1709,0.0712,1,Good Credit
57,57872.88,7 or more years,2748.0,824.4,less than 100 DM,critical account or other credits existing,critical account history,3,12,0.1709,0.0475,1,Good Credit
32,17475.28,7 or more years,1231.0,320.06,less than 100 DM,critical account or other credits existing,critical account history,2,10,0.2198,0.0704,1,Good Credit
37,3269.59,7 or more years,802.0,74.85,less than 100 DM,existing credits paid back duly till now,paid current credits on time,1,15,0.2747,0.2453,0,Bad Credit
36,21416.79,7 or more years,6304.0,490.31,unknown or no savings account,critical account or other credits existing,critical account history,2,36,0.2747,0.2943,1,Good Credit
38,2704.21,less than 1 year,1533.0,89.42,less than 100 DM,existing credits paid back duly till now,paid current credits on time,1,24,0.3968,0.5669,1,Good Credit
45,66026.78,7 or more years,8978.0,705.41,less than 100 DM,existing credits paid back duly till now,paid current credits on time,1,14,0.1282,0.136,0,Bad Credit
25,5090.9,7 or more years,999.0,116.55,unknown or no savings account,existing credits paid back duly till now,paid current credits on time,2,24,0.2747,0.1962,1,Good Credit
32,8000.2,4 to 7 years,2662.0,207.04,unknown or no savings account,existing credits paid back duly till now,paid current credits on time,1,18,0.3106,0.3327,1,Good Credit
37,7335.96,4 to 7 years,1402.0,151.88,500 to 1000 DM,critical account or other credits existing,critical account history,1,12,0.2484,0.1911,1,Good Credit
36,8944.22,unemployed,12169.0,354.93,unknown or no savings account,all credits at this bank paid back duly,paid previous credits,1,48,0.4762,1.3605,1,Good Credit
28,6897.24,4 to 7 years,3060.0,178.5,less than 100 DM,existing credits paid back duly till now,paid current credits on time,2,48,0.3106,0.4437,0,Bad Credit
34,28507.25,less than 1 year,11998.0,439.93,less than 100 DM,existing credits paid back duly till now,paid current credits on time,1,30,0.1852,0.4209,0,Bad Credit
32,23733.6,1 to 4 years,2697.0,329.63,less than 100 DM,existing credits paid back duly till now,paid current credits on time,1,9,0.1667,0.1136,1,Good Credit
26,17308.8,1 to 4 years,2404.0,320.53,less than 100 DM,critical account or other credits existing,critical account history,2,18,0.2222,0.1389,1,Good Credit
49,8859.24,7 or more years,1262.0,126.2,unknown or no savings account,existing credits paid back duly till now,paid current credits on time,1,12,0.1709,0.1425,1,Good Credit
32,54778.68,less than 1 year,4611.0,845.35,less than 100 DM,existing credits paid back duly till now,paid current credits on time,1,6,0.1852,0.0842,0,Bad Credit
29,3725.96,1 to 4 years,1901.0,110.89,100 to 500 DM,existing credits paid back duly till now,paid current credits on time,1,24,0.3571,0.5102,1,Good Credit
23,31874.75,7 or more years,3368.0,583.79,1000 DM or more,critical account or other credits existing,critical account history,2,15,0.2198,0.1057,1,Good Credit
50,6170.08,1 to 4 years,1574.0,183.63,less than 100 DM,existing credits paid back duly till now,paid current credits on time,1,12,0.3571,0.2551,1,Good Credit
49,4342.71,4 to 7 years,1445.0,112.39,unknown or no savings account,all credits at this bank paid back duly,paid previous credits,1,18,0.3106,0.3327,1,Good Credit
63,6196.74,7 or more years,1520.0,141.87,unknown or no savings account,critical account or other credits existing,critical account history,1,15,0.2747,0.2453,1,Good Credit
37,6840.79,less than 1 year,3878.0,226.22,100 to 500 DM,critical account or other credits existing,critical account history,1,24,0.3968,0.5669,1,Good Credit
35,16260.94,less than 1 year,10722.0,250.94,less than 100 DM,existing credits paid back duly till now,paid current credits on time,1,47,0.1852,0.6594,1,Good Credit
26,5396.08,4 to 7 years,4788.0,139.65,less than 100 DM,existing credits paid back duly till now,paid current credits on time,1,48,0.3106,0.8873,1,Good Credit
31,7676.78,unemployed,7582.0,189.55,100 to 500 DM,delay in paying off in the past,past payment delay,1,48,0.2963,0.9877,1,Good Credit
49,8561.28,1 to 4 years,1092.0,254.8,less than 100 DM,existing credits paid back duly till now,paid current credits on time,2,12,0.3571,0.1276,1,Good Credit
48,1806.34,less than 1 year,1024.0,59.73,less than 100 DM,delay in paying off in the past,past payment delay,1,24,0.3968,0.5669,0,Bad Credit
26,5810.4,1 to 4 years,1076.0,107.6,less than 100 DM,existing credits paid back duly till now,paid current credits on time,1,12,0.2222,0.1852,1,Good Credit
28,18608.04,less than 1 year,9398.0,287.16,less than 100 DM,existing credits paid back duly till now,paid current credits on time,1,36,0.1852,0.5051,0,Bad Credit
44,45061.38,7 or more years,6419.0,641.9,less than 100 DM,critical account or other credits existing,critical account history,2,24,0.1709,0.1425,1,Good Credit
56,6982.98,7 or more years,4796.0,159.87,less than 100 DM,critical account or other credits existing,critical account history,1,42,0.2747,0.6868,1,Good Credit
46,19438.69,7 or more years,7629.0,445.02,unknown or no savings account,critical account or other credits existing,critical account history,2,48,0.2747,0.3925,1,Good Credit
26,14790.6,less than 1 year,9960.0,228.25,less than 100 DM,existing credits paid back duly till now,paid current credits on time,1,48,0.1852,0.6734,0,Bad Credit
20,27769.5,less than 1 year,4675.0,428.54,unknown or no savings account,existing credits paid back duly till now,paid current credits on time,1,12,0.1852,0.1684,1,Good Credit
45,7870.26,7 or more years,1287.0,180.18,unknown or no savings account,existing credits paid back duly till now,paid current credits on time,1,10,0.2747,0.1635,1,Good Credit
43,7628.83,1 to 4 years,2515.0,181.64,less than 100 DM,existing credits paid back duly till now,paid current credits on time,1,18,0.2857,0.3297,1,Good Credit
32,16415.1,4 to 7 years,2745.0,339.86,1000 DM or more,critical account or other credits existing,critical account history,2,21,0.2484,0.1672,1,Good Credit
54,6652.8,unemployed,672.0,123.2,less than 100 DM,existing credits paid back duly till now,paid current credits on time,1,6,0.2222,0.101,1,Good Credit
42,4970.56,1 to 4 years,3804.0,147.93,less than 100 DM,no credits taken or all paid back duly,no prior payment record,1,36,0.3571,0.7653,0,Bad Credit
37,6058.75,4 to 7 years,1344.0,156.8,unknown or no savings account,critical account or other credits existing,critical account history,2,24,0.3106,0.2218,0,Bad Credit
49,11230.33,4 to 7 years,1038.0,290.64,less than 100 DM,critical account or other credits existing,critical account history,2,10,0.3106,0.0924,1,Good Credit
44,13671.45,1 to 4 years,10127.0,253.18,500 to 1000 DM,critical account or other credits existing,critical account history,1,48,0.2222,0.7407,0,Bad Credit
33,12097.12,1 to 4 years,1543.0,360.03,1000 DM or more,existing credits paid back duly till now,paid current credits on time,1,6,0.3571,0.1276,1,Good Credit
24,11950.52,4 to 7 years,4811.0,192.44,unknown or no savings account,existing credits paid back duly till now,paid current credits on time,1,30,0.1932,0.4026,1,Good Credit
33,2564.86,less than 1 year,727.0,84.82,100 to 500 DM,existing credits paid back duly till now,paid current credits on time,1,12,0.3968,0.2834,0,Bad Credit
24,8442.53,1 to 4 years,1237.0,201.01,less than 100 DM,existing credits paid back duly till now,paid current credits on time,1,8,0.2857,0.1465,0,Bad Credit
22,1442.56,1 to 4 years,276.0,42.93,less than 100 DM,existing credits paid back duly till now,paid current credits on time,1,9,0.3571,0.1913,1,Good Credit
40,4590.67,unemployed,5381.0,145.74,unknown or no savings account,existing credits paid back duly till now,paid current credits on time,1,48,0.381,1.1722,1,Good Credit
25,10801.56,1 to 4 years,5511.0,321.47,100 to 500 DM,existing credits paid back duly till now,paid current credits on time,1,24,0.3571,0.5102,1,Good Credit
26,9110.07,less than 1 year,3749.0,187.45,less than 100 DM,existing credits paid back duly till now,paid current credits on time,1,24,0.2469,0.4115,1,Good Credit
25,4253.85,4 to 7 years,685.0,68.5,less than 100 DM,existing credits paid back duly till now,paid current credits on time,1,12,0.1932,0.161,0,Bad Credit
29,26623.08,less than 1 year,1494.0,410.85,unknown or no savings account,existing credits paid back duly till now,paid current credits on time,1,4,0.1852,0.0561,1,Good Credit
31,4664.54,7 or more years,2746.0,106.79,less than 100 DM,all credits at this bank paid back duly,paid previous credits,1,36,0.2747,0.5887,0,Bad Credit
38,3823.2,1 to 4 years,708.0,70.8,less than 100 DM,existing credits paid back duly till now,paid current credits on time,1,12,0.2222,0.1852,1,Good Credit
48,14358.3,1 to 4 years,4351.0,199.42,unknown or no savings account,existing credits paid back duly till now,paid current credits on time,1,24,0.1667,0.303,1,Good Credit
32,5495.84,1 to 4 years,701.0,163.57,less than 100 DM,critical account or other credits existing,critical account history,2,12,0.3572,0.1276,1,Good Credit
27,50011.1,7 or more years,3643.0,534.31,less than 100 DM,delay in paying off in the past,past payment delay,2,15,0.1282,0.0728,1,Good Credit
28,9993.65,unemployed,4249.0,396.57,less than 100 DM,critical account or other credits existing,critical account history,2,30,0.4762,0.4252,0,Bad Credit
32,3418.63,less than 1 year,1938.0,113.05,less than 100 DM,existing credits paid back duly till now,paid current credits on time,1,24,0.3968,0.5669,0,Bad Credit
34,9035.55,4 to 7 years,2910.0,145.5,less than 100 DM,existing credits paid back duly till now,paid current credits on time,1,24,0.1932,0.3221,1,Good Credit
28,6948.85,1 to 4 years,2659.0,206.81,1000 DM or more,existing credits paid back duly till now,paid current credits on time,1,18,0.3571,0.3827,1,Good Credit
36,5373.01,1 to 4 years,1028.0,159.91,less than 100 DM,critical account or other credits existing,critical account history,2,18,0.3571,0.1913,1,Good Credit
39,77372.46,4 to 7 years,3398.0,934.45,less than 100 DM,critical account or other credits existing,critical account history,2,8,0.1449,0.0439,1,Good Credit
49,40723.02,7 or more years,5801.0,580.1,unknown or no savings account,critical account or other credits existing,critical account history,1,12,0.1709,0.1425,1,Good Credit
34,3437.35,4 to 7 years,1525.0,88.96,1000 DM or more,existing credits paid back duly till now,paid current credits on time,1,24,0.3106,0.4437,1,Good Credit
31,7598.14,7 or more years,4473.0,173.95,less than 100 DM,existing credits paid back duly till now,paid current credits on time,1,36,0.2747,0.5887,1,Good Credit
28,10885.06,7 or more years,1068.0,249.2,less than 100 DM,existing credits paid back duly till now,paid current credits on time,1,6,0.2747,0.0981,1,Good Credit
75,26790.75,unemployed,6615.0,661.5,less than 100 DM,critical account or other credits existing,critical account history,2,24,0.2963,0.2469,1,Good Credit
30,9742.51,1 to 4 years,1864.0,289.96,100 to 500 DM,critical account or other credits existing,critical account history,2,18,0.3571,0.1913,0,Bad Credit
24,5227.08,less than 1 year,7408.0,172.85,100 to 500 DM,existing credits paid back duly till now,paid current credits on time,1,60,0.3968,1.4172,0,Bad Credit
24,31293.0,1 to 4 years,11590.0,579.5,100 to 500 DM,critical account or other credits existing,critical account history,2,48,0.2222,0.3704,0,Bad Credit
23,24310.65,7 or more years,4110.0,445.25,less than 100 DM,no credits taken or all paid back duly,no prior payment record,2,24,0.2198,0.1691,0,Bad Credit
44,44668.8,1 to 4 years,3384.0,620.4,less than 100 DM,critical account or other credits existing,critical account history,1,6,0.1667,0.0758,0,Bad Credit
23,9425.41,less than 1 year,2101.0,193.94,less than 100 DM,existing credits paid back duly till now,paid current credits on time,1,13,0.2469,0.2229,1,Good Credit
24,3998.4,1 to 4 years,1275.0,119.0,unknown or no savings account,existing credits paid back duly till now,paid current credits on time,1,15,0.3571,0.3189,0,Bad Credit
28,8171.24,1 to 4 years,4169.0,243.19,less than 100 DM,existing credits paid back duly till now,paid current credits on time,1,24,0.3571,0.5102,1,Good Credit
31,7154.78,1 to 4 years,1521.0,212.94,less than 100 DM,existing credits paid back duly till now,paid current credits on time,1,10,0.3571,0.2126,1,Good Credit
24,27910.98,less than 1 year,5743.0,574.3,less than 100 DM,critical account or other credits existing,critical account history,2,24,0.2469,0.2058,1,Good Credit
26,15609.38,4 to 7 years,3599.0,188.52,less than 100 DM,existing credits paid back duly till now,paid current credits on time,1,21,0.1449,0.2306,1,Good Credit
25,12723.48,less than 1 year,3213.0,196.35,500 to 1000 DM,existing credits paid back duly till now,paid current credits on time,1,18,0.1852,0.2525,1,Good Credit
33,25391.08,7 or more years,4439.0,271.27,less than 100 DM,existing credits paid back duly till now,paid current credits on time,1,18,0.1282,0.1748,1,Good Credit
37,28148.47,less than 1 year,3949.0,434.39,less than 100 DM,existing credits paid back duly till now,paid current credits on time,1,10,0.1852,0.1403,1,Good Credit
43,4575.42,1 to 4 years,1459.0,136.17,less than 100 DM,critical account or other credits existing,critical account history,1,15,0.3571,0.3189,1,Good Credit
23,5744.67,less than 1 year,882.0,189.97,less than 100 DM,critical account or other credits existing,critical account history,2,13,0.3968,0.1535,1,Good Credit
23,9301.05,unemployed,3758.0,172.24,500 to 1000 DM,existing credits paid back duly till now,paid current credits on time,1,24,0.2222,0.404,1,Good Credit
34,46015.2,1 to 4 years,1743.0,639.1,100 to 500 DM,delay in paying off in the past,past payment delay,2,6,0.1667,0.0379,1,Good Credit
32,15437.48,7 or more years,1136.0,353.42,1000 DM or more,critical account or other credits existing,critical account history,2,9,0.2747,0.0736,0,Bad Credit
23,9789.12,less than 1 year,1236.0,151.07,less than 100 DM,existing credits paid back duly till now,paid current credits on time,1,9,0.1852,0.1263,1,Good Credit
29,8439.2,1 to 4 years,959.0,117.21,less than 100 DM,existing credits paid back duly till now,paid current credits on time,1,9,0.1667,0.1136,0,Bad Credit
38,8718.3,unemployed,3229.0,215.27,unknown or no savings account,critical account or other credits existing,critical account history,1,18,0.2963,0.3704,1,Good Credit
28,48600.16,1 to 4 years,6199.0,1446.43,less than 100 DM,no credits taken or all paid back duly,no prior payment record,2,12,0.3571,0.1276,0,Bad Credit
46,4445.75,7 or more years,727.0,101.78,500 to 1000 DM,existing credits paid back duly till now,paid current credits on time,1,10,0.2747,0.1635,1,Good Credit
23,2197.94,less than 1 year,1246.0,72.68,less than 100 DM,existing credits paid back duly till now,paid current credits on time,1,24,0.3968,0.5669,0,Bad Credit
49,19999.98,7 or more years,2331.0,213.68,unknown or no savings account,critical account or other credits existing,critical account history,1,12,0.1282,0.1166,1,Good Credit
26,11663.31,1 to 4 years,4463.0,347.12,less than 100 DM,delay in paying off in the past,past payment delay,2,36,0.3571,0.3827,0,Bad Credit
28,3041.92,1 to 4 years,776.0,90.53,less than 100 DM,existing credits paid back duly till now,paid current credits on time,1,12,0.3571,0.2551,1,Good Credit
23,4338.5,4 to 7 years,2406.0,112.28,less than 100 DM,existing credits paid back duly till now,paid current credits on time,1,30,0.3106,0.5546,0,Bad Credit
61,3237.92,1 to 4 years,1239.0,96.37,unknown or no savings account,existing credits paid back duly till now,paid current credits on time,1,18,0.3572,0.3827,1,Good Credit
37,23860.98,7 or more years,3399.0,339.9,unknown or no savings account,existing credits paid back duly till now,paid current credits on time,1,12,0.1709,0.1425,1,Good Credit
36,24267.6,1 to 4 years,2247.0,449.4,less than 100 DM,delay in paying off in the past,past payment delay,2,12,0.2222,0.0926,1,Good Credit
21,23311.2,1 to 4 years,1766.0,323.77,less than 100 DM,existing credits paid back duly till now,paid current credits on time,1,6,0.1667,0.0758,1,Good Credit
25,4847.08,unemployed,2473.0,192.34,less than 100 DM,existing credits paid back duly till now,paid current credits on time,1,18,0.4762,0.5102,0,Bad Credit
36,9575.82,4 to 7 years,1542.0,154.2,less than 100 DM,existing credits paid back duly till now,paid current credits on time,1,12,0.1932,0.161,1,Good Credit
27,26860.17,4 to 7 years,3850.0,556.11,less than 100 DM,critical account or other credits existing,critical account history,2,18,0.2484,0.1433,1,Good Credit
22,14454.0,less than 1 year,3650.0,223.06,less than 100 DM,existing credits paid back duly till now,paid current credits on time,1,18,0.1852,0.2525,1,Good Credit
42,5853.61,7 or more years,3446.0,134.01,less than 100 DM,existing credits paid back duly till now,paid current credits on time,1,36,0.2747,0.5887,0,Bad Credit
40,12424.14,4 to 7 years,3001.0,200.07,less than 100 DM,existing credits paid back duly till now,paid current credits on time,1,18,0.1932,0.2415,1,Good Credit
36,4023.23,1 to 4 years,3079.0,119.74,unknown or no savings account,existing credits paid back duly till now,paid current credits on time,1,36,0.3571,0.7653,1,Good Credit
33,47872.07,7 or more years,6070.0,876.78,less than 100 DM,critical account or other credits existing,critical account history,2,18,0.2198,0.1268,1,Good Credit
23,30593.38,less than 1 year,2146.0,472.12,less than 100 DM,critical account or other credits existing,critical account history,2,10,0.1852,0.0701,1,Good Credit
63,19313.42,7 or more years,13756.0,275.12,unknown or no savings account,critical account or other credits existing,critical account history,1,60,0.1709,0.7123,1,Good Credit
60,34974.21,7 or more years,14782.0,640.55,100 to 500 DM,all credits at this bank paid back duly,paid previous credits,2,60,0.2198,0.4227,0,Bad Credit
37,11930.96,4 to 7 years,7685.0,192.12,less than 100 DM,all credits at this bank paid back duly,paid previous credits,1,48,0.1932,0.6441,0,Bad Credit
34,12528.0,unemployed,2320.0,309.33,less than 100 DM,delay in paying off in the past,past payment delay,2,18,0.2963,0.1852,1,Good Credit
36,8578.44,7 or more years,846.0,157.11,unknown or no savings account,delay in paying off in the past,past payment delay,1,7,0.2198,0.0986,1,Good Credit
57,24321.51,7 or more years,14318.0,556.81,less than 100 DM,existing credits paid back duly till now,paid current credits on time,1,36,0.2747,0.5887,0,Bad Credit
52,5676.16,1 to 4 years,362.0,168.93,100 to 500 DM,critical account or other credits existing,critical account history,2,6,0.3571,0.0638,1,Good Credit
39,5983.02,4 to 7 years,2212.0,154.84,unknown or no savings account,existing credits paid back duly till now,paid current credits on time,1,20,0.3106,0.3697,1,Good Credit
38,29520.4,unemployed,12976.0,937.16,less than 100 DM,existing credits paid back duly till now,paid current credits on time,1,18,0.381,0.4396,0,Bad Credit
25,3154.78,4 to 7 years,1283.0,81.65,unknown or no savings account,existing credits paid back duly till now,paid current credits on time,1,22,0.3106,0.4067,1,Good Credit
26,4692.24,less than 1 year,1330.0,155.17,less than 100 DM,existing credits paid back duly till now,paid current credits on time,1,12,0.3968,0.2834,1,Good Credit
26,18455.04,1 to 4 years,4272.0,341.76,100 to 500 DM,delay in paying off in the past,past payment delay,2,30,0.2222,0.2315,1,Good Credit
25,16113.6,1 to 4 years,2238.0,298.4,less than 100 DM,critical account or other credits existing,critical account history,2,18,0.2222,0.1389,1,Good Credit
21,2648.35,less than 1 year,1126.0,87.58,unknown or no savings account,existing credits paid back duly till now,paid current credits on time,1,18,0.3968,0.4252,1,Good Credit
40,28906.08,unemployed,7374.0,1147.07,less than 100 DM,critical account or other credits existing,critical account history,2,18,0.4762,0.2551,1,Good Credit
27,10048.32,1 to 4 years,2326.0,186.08,500 to 1000 DM,critical account or other credits existing,critical account history,1,15,0.2222,0.2315,1,Good Credit
27,20218.38,4 to 7 years,1449.0,418.6,less than 100 DM,existing credits paid back duly till now,paid current credits on time,2,9,0.2484,0.0717,1,Good Credit
30,6552.0,1 to 4 years,1820.0,121.33,less than 100 DM,existing credits paid back duly till now,paid current credits on time,1,18,0.2222,0.2778,1,Good Credit
19,5839.02,less than 1 year,983.0,90.11,1000 DM or more,existing credits paid back duly till now,paid current credits on time,1,12,0.1852,0.1684,1,Good Credit
39,6725.43,4 to 7 years,3249.0,108.3,less than 100 DM,existing credits paid back duly till now,paid current credits on time,1,36,0.1932,0.4831,1,Good Credit
31,29707.26,4 to 7 years,1957.0,358.78,less than 100 DM,critical account or other credits existing,critical account history,1,6,0.1449,0.0659,1,Good Credit
31,12992.4,unemployed,2406.0,320.8,less than 100 DM,critical account or other credits existing,critical account history,1,9,0.2963,0.1852,1,Good Credit
32,22470.65,4 to 7 years,11760.0,361.85,100 to 500 DM,delay in paying off in the past,past payment delay,1,39,0.1932,0.5233,1,Good Credit
55,8797.43,unemployed,2578.0,279.28,less than 100 DM,existing credits paid back duly till now,paid current credits on time,1,12,0.3809,0.293,1,Good Credit
46,7122.27,1 to 4 years,2348.0,169.58,less than 100 DM,critical account or other credits existing,critical account history,2,36,0.2857,0.3297,1,Good Credit
46,20986.68,7 or more years,1223.0,224.22,less than 100 DM,existing credits paid back duly till now,paid current credits on time,2,12,0.1282,0.0583,0,Bad Credit
43,5942.72,1 to 4 years,1516.0,176.87,1000 DM or more,critical account or other credits existing,critical account history,2,24,0.3571,0.2551,1,Good Credit
39,4021.29,less than 1 year,1473.0,106.38,less than 100 DM,existing credits paid back duly till now,paid current credits on time,1,18,0.3175,0.3663,1,Good Credit
28,9862.72,1 to 4 years,1887.0,293.53,unknown or no savings account,critical account or other credits existing,critical account history,2,18,0.3571,0.1913,1,Good Credit
27,42029.28,less than 1 year,8648.0,864.8,less than 100 DM,delay in paying off in the past,past payment delay,2,24,0.2469,0.2058,0,Bad Credit
27,5389.44,1 to 4 years,802.0,160.4,less than 100 DM,delay in paying off in the past,past payment delay,2,14,0.3571,0.1488,1,Good Credit
43,9848.87,7 or more years,2899.0,225.48,unknown or no savings account,delay in paying off in the past,past payment delay,1,18,0.2747,0.2943,1,Good Credit
22,6055.83,less than 1 year,2039.0,93.45,less than 100 DM,existing credits paid back duly till now,paid current credits on time,1,24,0.1852,0.3367,0,Bad Credit
43,9904.08,4 to 7 years,2197.0,256.32,unknown or no savings account,critical account or other credits existing,critical account history,2,24,0.3106,0.2218,1,Good Credit
27,2971.99,less than 1 year,1053.0,98.28,less than 100 DM,existing credits paid back duly till now,paid current credits on time,1,15,0.3968,0.3543,1,Good Credit
26,9567.51,7 or more years,3235.0,175.23,500 to 1000 DM,existing credits paid back duly till now,paid current credits on time,1,24,0.2198,0.3381,1,Good Credit
28,12699.04,4 to 7 years,939.0,328.65,500 to 1000 DM,critical account or other credits existing,critical account history,3,12,0.3106,0.0739,0,Bad Credit
20,5011.92,7 or more years,1967.0,114.74,less than 100 DM,existing credits paid back duly till now,paid current credits on time,1,24,0.2747,0.3925,1,Good Credit
35,27600.96,4 to 7 years,7253.0,571.45,less than 100 DM,critical account or other credits existing,critical account history,2,33,0.2484,0.2628,1,Good Credit
42,13476.96,unemployed,2292.0,534.8,less than 100 DM,critical account or other credits existing,critical account history,2,12,0.4762,0.1701,0,Bad Credit
40,8719.62,1 to 4 years,1597.0,207.61,500 to 1000 DM,existing credits paid back duly till now,paid current credits on time,1,10,0.2857,0.1832,1,Good Credit
35,2706.76,1 to 4 years,1381.0,80.56,unknown or no savings account,existing credits paid back duly till now,paid current credits on time,1,24,0.3572,0.5102,0,Bad Credit
35,27340.56,7 or more years,5842.0,389.47,less than 100 DM,critical account or other credits existing,critical account history,2,36,0.1709,0.2137,1,Good Credit
33,9098.71,less than 1 year,2579.0,300.88,less than 100 DM,existing credits paid back duly till now,paid current credits on time,1,12,0.3968,0.2834,0,Bad Credit
23,74544.8,1 to 4 years,8471.0,1035.34,unknown or no savings account,delay in paying off in the past,past payment delay,2,18,0.1667,0.1136,1,Good Credit
31,12065.93,4 to 7 years,2782.0,145.72,500 to 1000 DM,existing credits paid back duly till now,paid current credits on time,1,21,0.1449,0.2306,1,Good Credit
33,2723.09,1 to 4 years,1042.0,81.04,unknown or no savings account,existing credits paid back duly till now,paid current credits on time,1,18,0.3571,0.3827,0,Bad Credit
20,15828.05,4 to 7 years,3186.0,254.88,1000 DM or more,existing credits paid back duly till now,paid current credits on time,1,15,0.1932,0.2013,1,Good Credit
30,7949.76,1 to 4 years,2028.0,236.6,unknown or no savings account,existing credits paid back duly till now,paid current credits on time,1,12,0.3571,0.2551,1,Good Credit
47,11898.36,4 to 7 years,958.0,191.6,less than 100 DM,critical account or other credits existing,critical account history,2,12,0.1932,0.0805,1,Good Credit
34,8196.83,4 to 7 years,1591.0,212.13,100 to 500 DM,delay in paying off in the past,past payment delay,2,21,0.3106,0.1941,1,Good Credit
25,23697.96,7 or more years,2762.0,253.18,unknown or no savings account,existing credits paid back duly till now,paid current credits on time,1,12,0.1282,0.1166,0,Bad Credit
21,12227.6,1 to 4 years,2779.0,169.83,less than 100 DM,existing credits paid back duly till now,paid current credits on time,1,18,0.1667,0.2273,1,Good Credit
29,11981.42,7 or more years,2743.0,274.3,less than 100 DM,critical account or other credits existing,critical account history,2,28,0.2747,0.2289,1,Good Credit
46,6005.44,1 to 4 years,1149.0,178.73,1000 DM or more,critical account or other credits existing,critical account history,2,18,0.3571,0.1913,1,Good Credit
20,15020.72,7 or more years,1313.0,160.48,less than 100 DM,existing credits paid back duly till now,paid current credits on time,1,9,0.1282,0.0874,1,Good Credit
55,9639.0,unemployed,1190.0,238.0,less than 100 DM,critical account or other credits existing,critical account history,3,18,0.2963,0.1235,0,Bad Credit
74,62808.77,4 to 7 years,3448.0,758.56,less than 100 DM,existing credits paid back duly till now,paid current credits on time,1,5,0.1449,0.0549,1,Good Credit
29,61171.2,1 to 4 years,11328.0,1132.8,less than 100 DM,existing credits paid back duly till now,paid current credits on time,2,24,0.2222,0.1852,0,Bad Credit
36,33022.08,unemployed,1872.0,1310.4,less than 100 DM,critical account or other credits existing,critical account history,3,6,0.4762,0.0567,1,Good Credit
33,8067.36,1 to 4 years,2058.0,240.1,less than 100 DM,critical account or other credits existing,critical account history,2,24,0.3571,0.2551,1,Good Credit
25,12958.4,1 to 4 years,2136.0,308.53,less than 100 DM,existing credits paid back duly till now,paid current credits on time,1,9,0.2857,0.1648,1,Good Credit
25,8013.6,1 to 4 years,1484.0,148.4,unknown or no savings account,existing credits paid back duly till now,paid current credits on time,1,12,0.2222,0.1852,0,Bad Credit
23,8197.2,4 to 7 years,660.0,132.0,500 to 1000 DM,existing credits paid back duly till now,paid current credits on time,1,6,0.1932,0.0805,1,Good Credit
37,6558.55,7 or more years,1287.0,150.15,1000 DM or more,critical account or other credits existing,critical account history,2,24,0.2747,0.1962,1,Good Credit
65,5701.92,unemployed,3394.0,226.27,less than 100 DM,critical account or other credits existing,critical account history,2,42,0.4762,0.5952,1,Good Credit
26,2148.55,less than 1 year,609.0,71.05,less than 100 DM,all credits at this bank paid back duly,paid previous credits,1,12,0.3968,0.2834,0,Bad Credit
39,9600.86,7 or more years,1884.0,219.8,less than 100 DM,existing credits paid back duly till now,paid current credits on time,1,12,0.2747,0.1962,1,Good Credit
30,8748.0,1 to 4 years,1620.0,162.0,less than 100 DM,existing credits paid back duly till now,paid current credits on time,1,12,0.2222,0.1852,1,Good Credit
29,17035.92,1 to 4 years,2629.0,315.48,less than 100 DM,delay in paying off in the past,past payment delay,2,20,0.2222,0.1543,1,Good Credit
41,3664.02,7 or more years,719.0,83.88,less than 100 DM,existing credits paid back duly till now,paid current credits on time,1,12,0.2747,0.1962,0,Bad Credit
30,6879.6,1 to 4 years,5096.0,127.4,less than 100 DM,critical account or other credits existing,critical account history,1,48,0.2222,0.7407,0,Bad Credit
41,16905.13,7 or more years,1244.0,387.02,unknown or no savings account,critical account or other credits existing,critical account history,2,9,0.2747,0.0736,1,Good Credit
34,2166.19,less than 1 year,1842.0,71.63,less than 100 DM,existing credits paid back duly till now,paid current credits on time,1,36,0.3968,0.8503,0,Bad Credit
35,23846.4,1 to 4 years,2576.0,441.6,less than 100 DM,existing credits paid back duly till now,paid current credits on time,1,7,0.2222,0.108,1,Good Credit
55,8422.96,7 or more years,1424.0,154.27,unknown or no savings account,existing credits paid back duly till now,paid current credits on time,1,12,0.2198,0.1691,1,Good Credit
61,11007.36,1 to 4 years,1512.0,262.08,1000 DM or more,delay in paying off in the past,past payment delay,2,15,0.2857,0.1374,0,Bad Credit
30,14443.89,1 to 4 years,11054.0,429.88,unknown or no savings account,critical account or other credits existing,critical account history,1,36,0.3571,0.7653,1,Good Credit
29,4713.8,1 to 4 years,518.0,112.23,less than 100 DM,existing credits paid back duly till now,paid current credits on time,1,6,0.2857,0.1099,1,Good Credit
34,38736.36,7 or more years,2759.0,551.8,less than 100 DM,no credits taken or all paid back duly,no prior payment record,2,12,0.1709,0.0712,1,Good Credit
35,6803.16,7 or more years,2670.0,155.75,less than 100 DM,existing credits paid back duly till now,paid current credits on time,1,24,0.2747,0.3925,1,Good Credit
31,14956.78,4 to 7 years,4817.0,240.85,less than 100 DM,existing credits paid back duly till now,paid current credits on time,1,24,0.1932,0.3221,0,Bad Credit
29,4725.76,less than 1 year,2679.0,156.27,less than 100 DM,existing credits paid back duly till now,paid current credits on time,1,24,0.3968,0.5669,1,Good Credit
36,46008.0,1 to 4 years,3905.0,852.0,less than 100 DM,critical account or other credits existing,critical account history,2,11,0.2222,0.0849,1,Good Credit
35,20028.19,7 or more years,3386.0,366.82,less than 100 DM,existing credits paid back duly till now,paid current credits on time,1,12,0.2198,0.1691,0,Bad Credit
27,2420.21,less than 1 year,343.0,80.03,less than 100 DM,existing credits paid back duly till now,paid current credits on time,1,6,0.3968,0.1417,1,Good Credit
32,12541.62,less than 1 year,4594.0,331.79,less than 100 DM,existing credits paid back duly till now,paid current credits on time,1,18,0.3175,0.3663,1,Good Credit
37,7964.0,1 to 4 years,3620.0,110.61,less than 100 DM,existing credits paid back duly till now,paid current credits on time,1,36,0.1667,0.4545,1,Good Credit
36,6691.25,less than 1 year,1721.0,137.68,less than 100 DM,existing credits paid back duly till now,paid current credits on time,1,15,0.2469,0.2572,1,Good Credit
34,12354.62,less than 1 year,3017.0,326.84,less than 100 DM,existing credits paid back duly till now,paid current credits on time,1,12,0.3175,0.2442,1,Good Credit
38,7684.77,7 or more years,754.0,175.93,unknown or no savings account,existing credits paid back duly till now,paid current credits on time,2,12,0.2747,0.0981,1,Good Credit
34,11720.8,4 to 7 years,1950.0,303.33,less than 100 DM,existing credits paid back duly till now,paid current credits on time,2,18,0.3106,0.1664,1,Good Credit
63,6652.1,1 to 4 years,2924.0,158.38,less than 100 DM,existing credits paid back duly till now,paid current credits on time,1,24,0.2857,0.4396,1,Good Credit
29,2926.48,less than 1 year,1659.0,96.78,less than 100 DM,delay in paying off in the past,past payment delay,1,24,0.3968,0.5669,0,Bad Credit
32,21406.38,7 or more years,7238.0,392.06,unknown or no savings account,delay in paying off in the past,past payment delay,2,48,0.2198,0.3381,1,Good Credit
26,10854.98,1 to 4 years,2764.0,201.02,less than 100 DM,delay in paying off in the past,past payment delay,2,33,0.2222,0.2546,1,Good Credit
35,24482.87,4 to 7 years,4679.0,506.89,less than 100 DM,delay in paying off in the past,past payment delay,2,24,0.2484,0.1911,1,Good Credit
22,6330.87,less than 1 year,3092.0,167.48,100 to 500 DM,existing credits paid back duly till now,paid current credits on time,1,24,0.3175,0.4884,0,Bad Credit
23,3161.09,less than 1 year,448.0,104.53,less than 100 DM,existing credits paid back duly till now,paid current credits on time,1,6,0.3968,0.1417,0,Bad Credit
28,3418.24,1 to 4 years,654.0,101.73,less than 100 DM,existing credits paid back duly till now,paid current credits on time,1,9,0.3571,0.1913,0,Bad Credit
36,7279.44,unemployed,1238.0,288.87,unknown or no savings account,existing credits paid back duly till now,paid current credits on time,1,6,0.4762,0.1701,1,Good Credit
33,3253.6,1 to 4 years,1245.0,96.83,less than 100 DM,critical account or other credits existing,critical account history,1,18,0.3571,0.3827,0,Bad Credit
26,12331.44,less than 1 year,3114.0,190.3,less than 100 DM,no credits taken or all paid back duly,no prior payment record,1,18,0.1852,0.2525,0,Bad Credit
24,3098.61,1 to 4 years,2569.0,92.22,500 to 1000 DM,existing credits paid back duly till now,paid current credits on time,1,39,0.3571,0.8291,1,Good Credit
25,11612.61,4 to 7 years,5152.0,300.53,less than 100 DM,existing credits paid back duly till now,paid current credits on time,1,24,0.3106,0.4437,1,Good Credit
39,5426.1,4 to 7 years,1037.0,112.34,100 to 500 DM,existing credits paid back duly till now,paid current credits on time,1,12,0.2484,0.1911,1,Good Credit
44,12051.02,7 or more years,1478.0,275.89,less than 100 DM,critical account or other credits existing,critical account history,2,15,0.2747,0.1226,1,Good Credit
23,23581.8,1 to 4 years,3573.0,327.53,less than 100 DM,critical account or other credits existing,critical account history,1,12,0.1667,0.1515,1,Good Credit
26,2118.56,less than 1 year,1201.0,70.06,less than 100 DM,existing credits paid back duly till now,paid current credits on time,1,24,0.3968,0.5669,1,Good Credit
57,14766.17,7 or more years,3622.0,338.05,1000 DM or more,existing credits paid back duly till now,paid current credits on time,2,30,0.2747,0.2453,1,Good Credit
30,8037.12,4 to 7 years,960.0,166.4,1000 DM or more,delay in paying off in the past,past payment delay,2,15,0.2484,0.1194,1,Good Credit
44,4558.96,1 to 4 years,1163.0,135.68,500 to 1000 DM,critical account or other credits existing,critical account history,1,12,0.3571,0.2551,1,Good Credit
47,7108.92,unemployed,1209.0,282.1,less than 100 DM,delay in paying off in the past,past payment delay,1,6,0.4762,0.1701,0,Bad Credit
52,16615.8,1 to 4 years,3077.0,307.7,less than 100 DM,existing credits paid back duly till now,paid current credits on time,1,12,0.2222,0.1852,1,Good Credit
62,9572.84,7 or more years,3757.0,219.16,less than 100 DM,existing credits paid back duly till now,paid current credits on time,1,24,0.2747,0.3925,1,Good Credit
35,7742.28,1 to 4 years,1418.0,184.34,100 to 500 DM,existing credits paid back duly till now,paid current credits on time,1,10,0.2857,0.1832,1,Good Credit
26,37994.4,1 to 4 years,3518.0,703.6,less than 100 DM,existing credits paid back duly till now,paid current credits on time,1,6,0.2222,0.0926,1,Good Credit
26,27153.36,7 or more years,1934.0,386.8,less than 100 DM,critical account or other credits existing,critical account history,2,12,0.1709,0.0712,1,Good Credit
42,51904.32,7 or more years,8318.0,739.38,less than 100 DM,no credits taken or all paid back duly,no prior payment record,2,27,0.1709,0.1603,0,Bad Credit
27,32656.8,1 to 4 years,1237.0,453.57,100 to 500 DM,critical account or other credits existing,critical account history,2,6,0.1667,0.0379,1,Good Credit
38,3750.66,7 or more years,368.0,85.87,unknown or no savings account,existing credits paid back duly till now,paid current credits on time,1,6,0.2747,0.0981,1,Good Credit
39,19310.2,1 to 4 years,2122.0,459.77,less than 100 DM,critical account or other credits existing,critical account history,2,12,0.2857,0.1099,1,Good Credit
20,8089.2,1 to 4 years,2996.0,149.8,unknown or no savings account,existing credits paid back duly till now,paid current credits on time,1,24,0.2222,0.3704,0,Bad Credit
29,10623.98,less than 1 year,9034.0,351.32,100 to 500 DM,existing credits paid back duly till now,paid current credits on time,1,36,0.3968,0.8503,0,Bad Credit
40,7145.18,4 to 7 years,1585.0,184.92,less than 100 DM,critical account or other credits existing,critical account history,2,24,0.3106,0.2218,1,Good Credit
32,4419.93,7 or more years,1301.0,101.19,less than 100 DM,existing credits paid back duly till now,paid current credits on time,1,18,0.2747,0.2943,1,Good Credit
28,37149.84,7 or more years,1323.0,529.2,100 to 500 DM,critical account or other credits existing,critical account history,2,6,0.1709,0.0356,1,Good Credit
27,5508.97,less than 1 year,3123.0,182.18,less than 100 DM,existing credits paid back duly till now,paid current credits on time,1,24,0.3968,0.5669,0,Bad Credit
42,12853.62,7 or more years,5493.0,183.1,less than 100 DM,existing credits paid back duly till now,paid current credits on time,1,36,0.1709,0.4274,1,Good Credit
49,10539.36,7 or more years,1126.0,150.13,100 to 500 DM,existing credits paid back duly till now,paid current credits on time,1,9,0.1709,0.1068,1,Good Credit
38,4290.05,less than 1 year,1216.0,141.87,100 to 500 DM,critical account or other credits existing,critical account history,2,24,0.3968,0.2834,0,Bad Credit
24,2129.15,less than 1 year,1207.0,70.41,less than 100 DM,existing credits paid back duly till now,paid current credits on time,1,24,0.3968,0.5669,0,Bad Credit
27,6157.54,1 to 4 years,1309.0,183.26,unknown or no savings account,existing credits paid back duly till now,paid current credits on time,1,10,0.3571,0.2126,0,Bad Credit
36,10195.2,1 to 4 years,2360.0,188.8,500 to 1000 DM,critical account or other credits existing,critical account history,1,15,0.2222,0.2315,1,Good Credit
34,27126.0,unemployed,6850.0,502.33,100 to 500 DM,all credits at this bank paid back duly,paid previous credits,1,15,0.2222,0.2525,0,Bad Credit
28,2769.48,1 to 4 years,1413.0,82.42,less than 100 DM,existing credits paid back duly till now,paid current credits on time,1,24,0.3571,0.5102,1,Good Credit
45,13465.98,7 or more years,8588.0,308.29,100 to 500 DM,existing credits paid back duly till now,paid current credits on time,1,39,0.2747,0.6378,1,Good Credit
26,3421.57,4 to 7 years,759.0,88.55,less than 100 DM,existing credits paid back duly till now,paid current credits on time,1,12,0.3106,0.2218,0,Bad Credit
32,8434.8,1 to 4 years,4686.0,156.2,less than 100 DM,existing credits paid back duly till now,paid current credits on time,1,36,0.2222,0.5556,1,Good Credit
26,13349.02,4 to 7 years,2687.0,214.96,less than 100 DM,existing credits paid back duly till now,paid current credits on time,1,15,0.1932,0.2013,1,Good Credit
20,4586.4,1 to 4 years,585.0,136.5,less than 100 DM,delay in paying off in the past,past payment delay,2,12,0.3571,0.1276,1,Good Credit
54,3977.82,less than 1 year,2255.0,131.54,unknown or no savings account,existing credits paid back duly till now,paid current credits on time,1,24,0.3968,0.5669,1,Good Credit
37,10981.49,4 to 7 years,609.0,284.2,less than 100 DM,critical account or other credits existing,critical account history,2,6,0.3106,0.0555,1,Good Credit
40,13228.92,less than 1 year,1361.0,272.2,less than 100 DM,critical account or other credits existing,critical account history,1,6,0.2469,0.1029,1,Good Credit
23,23091.48,less than 1 year,7127.0,475.13,less than 100 DM,critical account or other credits existing,critical account history,2,36,0.2469,0.3086,0,Bad Credit
43,14231.49,7 or more years,1203.0,260.65,100 to 500 DM,existing credits paid back duly till now,paid current credits on time,1,6,0.2198,0.0845,1,Good Credit
36,14268.8,7 or more years,700.0,326.67,unknown or no savings account,critical account or other credits existing,critical account history,2,6,0.2747,0.0491,1,Good Credit
44,32573.9,7 or more years,5507.0,596.59,less than 100 DM,critical account or other credits existing,critical account history,2,24,0.2198,0.1691,1,Good Credit
24,11484.0,1 to 4 years,3190.0,212.67,less than 100 DM,existing credits paid back duly till now,paid current credits on time,1,18,0.2222,0.2778,0,Bad Credit
53,16195.72,1 to 4 years,7119.0,385.61,less than 100 DM,no credits taken or all paid back duly,no prior payment record,2,48,0.2857,0.4396,0,Bad Credit
23,9125.48,4 to 7 years,3488.0,188.93,100 to 500 DM,existing credits paid back duly till now,paid current credits on time,1,24,0.2484,0.3822,1,Good Credit
26,2908.64,1 to 4 years,1113.0,86.57,less than 100 DM,existing credits paid back duly till now,paid current credits on time,1,18,0.3572,0.3827,1,Good Credit
30,35736.7,less than 1 year,7966.0,735.32,less than 100 DM,existing credits paid back duly till now,paid current credits on time,2,26,0.2469,0.2229,1,Good Credit
31,4804.35,1 to 4 years,1532.0,142.99,100 to 500 DM,critical account or other credits existing,critical account history,1,15,0.3572,0.3189,1,Good Credit
42,56001.78,4 to 7 years,1503.0,901.8,less than 100 DM,critical account or other credits existing,critical account history,2,4,0.1932,0.0268,1,Good Credit
31,3007.95,1 to 4 years,2302.0,89.52,less than 100 DM,existing credits paid back duly till now,paid current credits on time,1,36,0.3571,0.7653,0,Bad Credit
41,5421.78,less than 1 year,662.0,143.43,less than 100 DM,existing credits paid back duly till now,paid current credits on time,1,6,0.3175,0.1221,1,Good Credit
32,7928.98,4 to 7 years,2273.0,164.16,less than 100 DM,existing credits paid back duly till now,paid current credits on time,2,36,0.2484,0.2867,1,Good Credit
28,22731.84,1 to 4 years,2631.0,420.96,100 to 500 DM,existing credits paid back duly till now,paid current credits on time,2,15,0.2222,0.1157,0,Bad Credit
41,5891.76,1 to 4 years,1503.0,175.35,less than 100 DM,delay in paying off in the past,past payment delay,1,12,0.3571,0.2551,1,Good Credit
26,2954.99,4 to 7 years,1311.0,76.47,100 to 500 DM,existing credits paid back duly till now,paid current credits on time,1,24,0.3105,0.4437,1,Good Credit
25,10954.44,less than 1 year,3105.0,362.25,unknown or no savings account,existing credits paid back duly till now,paid current credits on time,2,24,0.3968,0.2834,1,Good Credit
33,6440.19,less than 1 year,2319.0,132.51,less than 100 DM,critical account or other credits existing,critical account history,1,21,0.2469,0.3601,0,Bad Credit
75,8079.12,unemployed,1374.0,320.6,unknown or no savings account,existing credits paid back duly till now,paid current credits on time,1,6,0.4762,0.1701,1,Good Credit
37,14243.32,7 or more years,3612.0,260.87,less than 100 DM,critical account or other credits existing,critical account history,1,18,0.2198,0.2536,1,Good Credit
42,9890.06,7 or more years,7763.0,226.42,less than 100 DM,existing credits paid back duly till now,paid current credits on time,1,48,0.2747,0.7849,0,Bad Credit
45,12074.04,less than 1 year,3049.0,186.33,less than 100 DM,existing credits paid back duly till now,paid current credits on time,1,18,0.1852,0.2525,1,Good Credit
23,9111.96,less than 1 year,1534.0,140.62,less than 100 DM,existing credits paid back duly till now,paid current credits on time,1,12,0.1852,0.1684,0,Bad Credit
60,10355.07,7 or more years,2032.0,237.07,less than 100 DM,delay in paying off in the past,past payment delay,2,24,0.2747,0.1962,1,Good Credit
31,12943.84,7 or more years,6350.0,296.33,unknown or no savings account,existing credits paid back duly till now,paid current credits on time,1,30,0.2747,0.4906,0,Bad Credit
34,10310.4,1 to 4 years,2864.0,190.93,less than 100 DM,existing credits paid back duly till now,paid current credits on time,1,18,0.2222,0.2778,0,Bad Credit
61,12790.96,7 or more years,1255.0,292.83,less than 100 DM,critical account or other credits existing,critical account history,2,12,0.2747,0.0981,1,Good Credit
43,3919.02,unemployed,1333.0,155.52,less than 100 DM,delay in paying off in the past,past payment delay,2,24,0.4762,0.3401,0,Bad Credit
37,3963.12,1 to 4 years,2022.0,117.95,less than 100 DM,critical account or other credits existing,critical account history,1,24,0.3571,0.5102,1,Good Credit
32,4060.42,4 to 7 years,1552.0,84.07,less than 100 DM,existing credits paid back duly till now,paid current credits on time,1,24,0.2485,0.3822,1,Good Credit
24,2453.92,1 to 4 years,626.0,73.03,less than 100 DM,all credits at this bank paid back duly,paid previous credits,1,12,0.3571,0.2551,0,Bad Credit
35,27504.09,4 to 7 years,8858.0,442.9,unknown or no savings account,critical account or other credits existing,critical account history,2,48,0.1932,0.3221,1,Good Credit
23,8979.94,4 to 7 years,996.0,232.4,unknown or no savings account,critical account or other credits existing,critical account history,2,12,0.3106,0.1109,1,Good Credit
45,24570.0,7 or more years,1750.0,350.0,500 to 1000 DM,all credits at this bank paid back duly,paid previous credits,1,6,0.1709,0.0712,1,Good Credit
34,26561.2,4 to 7 years,6999.0,320.79,less than 100 DM,existing credits paid back duly till now,paid current credits on time,2,48,0.1449,0.2635,0,Bad Credit
27,7038.36,less than 1 year,1995.0,232.75,100 to 500 DM,critical account or other credits existing,critical account history,1,12,0.3968,0.2834,1,Good Credit
67,14413.58,4 to 7 years,1199.0,373.02,less than 100 DM,existing credits paid back duly till now,paid current credits on time,2,9,0.3106,0.0832,1,Good Credit
22,6468.66,less than 1 year,1331.0,133.1,less than 100 DM,existing credits paid back duly till now,paid current credits on time,1,12,0.2469,0.2058,0,Bad Credit
28,12437.88,less than 1 year,2278.0,329.04,100 to 500 DM,no credits taken or all paid back duly,no prior payment record,2,18,0.3175,0.1832,0,Bad Credit
29,37736.91,1 to 4 years,5003.0,524.12,unknown or no savings account,no credits taken or all paid back duly,no prior payment record,2,21,0.1667,0.1326,0,Bad Credit
27,9292.92,4 to 7 years,3552.0,192.4,less than 100 DM,all credits at this bank paid back duly,paid previous credits,1,24,0.2484,0.3822,0,Bad Credit
31,12493.44,less than 1 year,1928.0,257.07,less than 100 DM,critical account or other credits existing,critical account history,2,18,0.2469,0.1543,0,Bad Credit
49,7552.27,7 or more years,2964.0,172.9,unknown or no savings account,existing credits paid back duly till now,paid current credits on time,1,24,0.2747,0.3925,1,Good Credit
24,3484.68,4 to 7 years,1546.0,90.18,less than 100 DM,all credits at this bank paid back duly,paid previous credits,1,24,0.3105,0.4437,0,Bad Credit
29,6638.76,less than 1 year,683.0,136.6,less than 100 DM,delay in paying off in the past,past payment delay,1,6,0.2469,0.1029,1,Good Credit
37,27255.8,1 to 4 years,12389.0,378.55,unknown or no savings account,existing credits paid back duly till now,paid current credits on time,1,36,0.1667,0.4545,0,Bad Credit
37,18471.04,1 to 4 years,4712.0,549.73,unknown or no savings account,delay in paying off in the past,past payment delay,2,24,0.3571,0.2551,1,Good Credit
23,8126.07,4 to 7 years,1553.0,168.24,100 to 500 DM,delay in paying off in the past,past payment delay,2,24,0.2484,0.1911,1,Good Credit
36,8520.12,4 to 7 years,1372.0,137.2,less than 100 DM,existing credits paid back duly till now,paid current credits on time,1,12,0.1932,0.161,0,Bad Credit
34,9048.78,7 or more years,2578.0,128.9,1000 DM or more,critical account or other credits existing,critical account history,1,24,0.1709,0.2849,1,Good Credit
41,8968.67,4 to 7 years,3979.0,232.11,unknown or no savings account,existing credits paid back duly till now,paid current credits on time,2,48,0.3106,0.4437,1,Good Credit
31,7687.22,1 to 4 years,6758.0,183.03,less than 100 DM,existing credits paid back duly till now,paid current credits on time,1,48,0.2857,0.8791,0,Bad Credit
23,5704.78,less than 1 year,3234.0,188.65,less than 100 DM,existing credits paid back duly till now,paid current credits on time,1,24,0.3968,0.5669,0,Bad Credit
38,12461.72,4 to 7 years,5954.0,258.01,less than 100 DM,critical account or other credits existing,critical account history,1,30,0.2485,0.4778,1,Good Credit
26,11001.82,unemployed,5433.0,271.65,unknown or no savings account,existing credits paid back duly till now,paid current credits on time,1,24,0.2963,0.4938,1,Good Credit
22,2527.62,1 to 4 years,806.0,75.23,less than 100 DM,existing credits paid back duly till now,paid current credits on time,1,15,0.3572,0.3189,1,Good Credit
27,14703.66,7 or more years,1082.0,336.62,less than 100 DM,existing credits paid back duly till now,paid current credits on time,2,9,0.2747,0.0736,1,Good Credit
24,27701.57,4 to 7 years,2788.0,446.08,less than 100 DM,critical account or other credits existing,critical account history,2,15,0.1932,0.1006,1,Good Credit
27,18195.3,4 to 7 years,2930.0,293.0,less than 100 DM,existing credits paid back duly till now,paid current credits on time,1,12,0.1932,0.161,1,Good Credit
33,8767.85,1 to 4 years,1927.0,208.76,unknown or no savings account,critical account or other credits existing,critical account history,2,24,0.2857,0.2198,1,Good Credit
27,6632.64,less than 1 year,2820.0,219.33,less than 100 DM,critical account or other credits existing,critical account history,2,36,0.3968,0.4252,0,Bad Credit
27,3305.74,less than 1 year,937.0,109.32,less than 100 DM,existing credits paid back duly till now,paid current credits on time,2,24,0.3968,0.2834,1,Good Credit
30,8328.32,7 or more years,1056.0,152.53,less than 100 DM,critical account or other credits existing,critical account history,2,18,0.2198,0.1268,0,Bad Credit
49,37113.12,less than 1 year,3124.0,572.73,less than 100 DM,critical account or other credits existing,critical account history,2,12,0.1852,0.0842,1,Good Credit
26,7254.61,1 to 4 years,1388.0,215.91,less than 100 DM,existing credits paid back duly till now,paid current credits on time,1,9,0.3571,0.1913,1,Good Credit
33,2803.58,less than 1 year,2384.0,92.71,less than 100 DM,existing credits paid back duly till now,paid current credits on time,1,36,0.3968,0.8503,0,Bad Credit
52,10869.77,7 or more years,2133.0,248.85,unknown or no savings account,existing credits paid back duly till now,paid current credits on time,1,12,0.2747,0.1962,1,Good Credit
20,8971.6,1 to 4 years,2039.0,124.61,less than 100 DM,existing credits paid back duly till now,paid current credits on time,1,18,0.1667,0.2273,0,Bad Credit
36,40305.6,1 to 4 years,2799.0,746.4,less than 100 DM,critical account or other credits existing,critical account history,2,9,0.2222,0.0694,1,Good Credit
21,5052.88,1 to 4 years,1289.0,150.38,less than 100 DM,existing credits paid back duly till now,paid current credits on time,1,12,0.3571,0.2551,1,Good Credit
47,3180.43,1 to 4 years,1217.0,94.66,less than 100 DM,existing credits paid back duly till now,paid current credits on time,1,18,0.3572,0.3827,0,Bad Credit
60,26570.18,7 or more years,2246.0,486.63,less than 100 DM,critical account or other credits existing,critical account history,2,12,0.2198,0.0845,0,Bad Credit
58,6942.32,4 to 7 years,385.0,179.67,less than 100 DM,critical account or other credits existing,critical account history,4,12,0.3106,0.0555,1,Good Credit
42,7702.8,1 to 4 years,1965.0,229.25,unknown or no savings account,delay in paying off in the past,past payment delay,2,24,0.3571,0.2551,1,Good Credit
36,4577.66,7 or more years,1572.0,104.8,1000 DM or more,existing credits paid back duly till now,paid current credits on time,1,21,0.2747,0.3434,1,Good Credit
20,6183.45,1 to 4 years,2718.0,147.22,less than 100 DM,existing credits paid back duly till now,paid current credits on time,1,24,0.2857,0.4396,0,Bad Credit
40,3460.18,7 or more years,1358.0,79.22,unknown or no savings account,all credits at this bank paid back duly,paid previous credits,1,24,0.2747,0.3925,0,Bad Credit
32,11060.28,less than 1 year,931.0,170.68,100 to 500 DM,all credits at this bank paid back duly,paid previous credits,1,6,0.1852,0.0842,0,Bad Credit
23,6500.54,4 to 7 years,1442.0,168.23,less than 100 DM,existing credits paid back duly till now,paid current credits on time,2,24,0.3106,0.2218,0,Bad Credit
36,41985.9,1 to 4 years,4241.0,583.14,less than 100 DM,no credits taken or all paid back duly,no prior payment record,3,24,0.1667,0.101,0,Bad Credit
31,22977.0,4 to 7 years,2775.0,370.0,less than 100 DM,critical account or other credits existing,critical account history,2,18,0.1932,0.1208,0,Bad Credit
32,12747.9,1 to 4 years,3863.0,177.05,less than 100 DM,delay in paying off in the past,past payment delay,1,24,0.1667,0.303,1,Good Credit
45,23715.87,less than 1 year,2329.0,365.99,less than 100 DM,existing credits paid back duly till now,paid current credits on time,1,7,0.1852,0.0982,1,Good Credit
30,4798.08,1 to 4 years,918.0,142.8,less than 100 DM,existing credits paid back duly till now,paid current credits on time,1,9,0.3571,0.1913,0,Bad Credit
34,4140.6,4 to 7 years,1837.0,107.16,less than 100 DM,all credits at this bank paid back duly,paid previous credits,1,24,0.3106,0.4437,0,Bad Credit
28,4376.03,1 to 4 years,3349.0,130.24,less than 100 DM,existing credits paid back duly till now,paid current credits on time,1,36,0.3571,0.7653,0,Bad Credit
23,5397.84,less than 1 year,1275.0,178.5,less than 100 DM,existing credits paid back duly till now,paid current credits on time,1,10,0.3968,0.2362,1,Good Credit
22,5542.88,1 to 4 years,2828.0,164.97,500 to 1000 DM,all credits at this bank paid back duly,paid previous credits,1,24,0.3572,0.5102,1,Good Credit
74,10296.65,1 to 4 years,4526.0,245.16,less than 100 DM,critical account or other credits existing,critical account history,1,24,0.2857,0.4396,1,Good Credit
50,3490.11,1 to 4 years,2671.0,103.87,100 to 500 DM,existing credits paid back duly till now,paid current credits on time,1,36,0.3571,0.7653,0,Bad Credit
33,4823.95,less than 1 year,2051.0,159.52,less than 100 DM,existing credits paid back duly till now,paid current credits on time,1,18,0.3968,0.4252,1,Good Credit
45,5299.84,7 or more years,1300.0,121.33,unknown or no savings account,existing credits paid back duly till now,paid current credits on time,1,15,0.2747,0.2453,1,Good Credit
22,2178.54,unemployed,741.0,86.45,100 to 500 DM,existing credits paid back duly till now,paid current credits on time,1,12,0.4762,0.3401,0,Bad Credit
48,12767.04,7 or more years,1240.0,136.4,100 to 500 DM,existing credits paid back duly till now,paid current credits on time,1,10,0.1282,0.0971,0,Bad Credit
29,6767.71,less than 1 year,3357.0,223.8,1000 DM or more,existing credits paid back duly till now,paid current credits on time,1,21,0.3968,0.496,1,Good Credit
22,11985.6,1 to 4 years,3632.0,166.47,less than 100 DM,all credits at this bank paid back duly,paid previous credits,1,24,0.1667,0.303,1,Good Credit
22,5433.64,4 to 7 years,1808.0,140.62,less than 100 DM,delay in paying off in the past,past payment delay,1,18,0.3106,0.3327,0,Bad Credit
48,16475.4,1 to 4 years,12204.0,305.1,unknown or no savings account,no credits taken or all paid back duly,no prior payment record,1,48,0.2222,0.7407,1,Good Credit
27,9889.56,1 to 4 years,9157.0,183.14,unknown or no savings account,delay in paying off in the past,past payment delay,1,60,0.2222,0.9259,1,Good Credit
37,145569.6,1 to 4 years,3676.0,2021.8,less than 100 DM,critical account or other credits existing,critical account history,3,6,0.1667,0.0253,1,Good Credit
21,7432.56,1 to 4 years,3441.0,137.64,100 to 500 DM,existing credits paid back duly till now,paid current credits on time,1,30,0.2222,0.463,0,Bad Credit
49,2508.8,1 to 4 years,640.0,74.67,less than 100 DM,existing credits paid back duly till now,paid current credits on time,1,12,0.3572,0.2551,1,Good Credit
27,25918.77,4 to 7 years,3652.0,417.37,less than 100 DM,critical account or other credits existing,critical account history,2,21,0.1932,0.1409,1,Good Credit
32,9282.0,1 to 4 years,1530.0,221.0,less than 100 DM,critical account or other credits existing,critical account history,2,18,0.2857,0.1648,0,Bad Credit
38,3835.72,1 to 4 years,3914.0,114.16,unknown or no savings account,existing credits paid back duly till now,paid current credits on time,1,48,0.3571,1.0204,0,Bad Credit
22,6555.02,less than 1 year,1858.0,216.77,less than 100 DM,existing credits paid back duly till now,paid current credits on time,1,12,0.3968,0.2834,1,Good Credit
65,13589.33,1 to 4 years,2600.0,404.44,less than 100 DM,existing credits paid back duly till now,paid current credits on time,2,18,0.3571,0.1913,0,Bad Credit
35,8067.99,7 or more years,1979.0,184.71,unknown or no savings account,existing credits paid back duly till now,paid current credits on time,1,15,0.2747,0.2453,1,Good Credit
41,22852.8,1 to 4 years,2116.0,423.2,less than 100 DM,existing credits paid back duly till now,paid current credits on time,1,6,0.2222,0.0926,1,Good Credit
29,11898.36,4 to 7 years,1437.0,191.6,100 to 500 DM,all credits at this bank paid back duly,paid previous credits,1,9,0.1932,0.1208,0,Bad Credit
36,9054.08,1 to 4 years,4042.0,269.47,500 to 1000 DM,critical account or other credits existing,critical account history,2,42,0.3571,0.4464,1,Good Credit
64,43838.08,7 or more years,3832.0,468.36,unknown or no savings account,existing credits paid back duly till now,paid current credits on time,1,9,0.1282,0.0874,1,Good Credit
28,9882.0,1 to 4 years,3660.0,183.0,less than 100 DM,existing credits paid back duly till now,paid current credits on time,1,24,0.2222,0.3704,1,Good Credit
44,4058.51,1 to 4 years,1553.0,120.79,less than 100 DM,all credits at this bank paid back duly,paid previous credits,1,18,0.3571,0.3827,0,Bad Credit
23,4075.55,less than 1 year,1444.0,134.77,unknown or no savings account,existing credits paid back duly till now,paid current credits on time,1,15,0.3968,0.3543,1,Good Credit
19,25660.8,less than 1 year,1980.0,528.0,less than 100 DM,existing credits paid back duly till now,paid current credits on time,2,9,0.2469,0.0772,0,Bad Credit
25,2774.36,less than 1 year,1355.0,73.4,less than 100 DM,existing credits paid back duly till now,paid current credits on time,1,24,0.3175,0.4884,0,Bad Credit
47,21296.18,7 or more years,1393.0,487.55,less than 100 DM,existing credits paid back duly till now,paid current credits on time,3,12,0.2747,0.0654,1,Good Credit
28,3101.5,4 to 7 years,1376.0,80.27,500 to 1000 DM,existing credits paid back duly till now,paid current credits on time,1,24,0.3106,0.4437,1,Good Credit
21,38882.05,4 to 7 years,15653.0,626.12,less than 100 DM,delay in paying off in the past,past payment delay,2,60,0.1932,0.4026,1,Good Credit
34,5267.3,less than 1 year,1493.0,174.18,less than 100 DM,existing credits paid back duly till now,paid current credits on time,1,12,0.3968,0.2834,1,Good Credit
26,13066.3,4 to 7 years,4370.0,270.52,less than 100 DM,delay in paying off in the past,past payment delay,2,42,0.2484,0.3344,0,Bad Credit
27,1470.0,unemployed,750.0,58.33,less than 100 DM,existing credits paid back duly till now,paid current credits on time,1,18,0.4762,0.5102,0,Bad Credit
38,10664.91,7 or more years,1308.0,244.16,less than 100 DM,existing credits paid back duly till now,paid current credits on time,2,15,0.2747,0.1226,1,Good Credit
40,16827.72,1 to 4 years,4623.0,400.66,100 to 500 DM,existing credits paid back duly till now,paid current credits on time,1,15,0.2857,0.2747,0,Bad Credit
33,8344.31,4 to 7 years,1851.0,215.95,less than 100 DM,critical account or other credits existing,critical account history,2,24,0.3106,0.2218,1,Good Credit
32,11300.05,4 to 7 years,1880.0,292.44,less than 100 DM,critical account or other credits existing,critical account history,2,18,0.3106,0.1664,1,Good Credit
27,18768.96,less than 1 year,7980.0,620.67,unknown or no savings account,delay in paying off in the past,past payment delay,2,36,0.3968,0.4252,0,Bad Credit
32,19798.56,1 to 4 years,4583.0,366.64,less than 100 DM,no credits taken or all paid back duly,no prior payment record,2,30,0.2222,0.2315,1,Good Credit
26,7484.4,1 to 4 years,1386.0,138.6,500 to 1000 DM,existing credits paid back duly till now,paid current credits on time,1,12,0.2222,0.1852,0,Bad Credit
38,2134.54,4 to 7 years,947.0,55.24,less than 100 DM,existing credits paid back duly till now,paid current credits on time,1,24,0.3105,0.4437,0,Bad Credit
40,2681.28,1 to 4 years,684.0,79.8,less than 100 DM,existing credits paid back duly till now,paid current credits on time,1,12,0.3571,0.2551,0,Bad Credit
50,8425.45,4 to 7 years,7476.0,218.05,less than 100 DM,existing credits paid back duly till now,paid current credits on time,1,48,0.3106,0.8873,1,Good Credit
37,7534.24,1 to 4 years,1922.0,224.23,less than 100 DM,existing credits paid back duly till now,paid current credits on time,1,12,0.3571,0.2551,0,Bad Credit
45,5868.04,7 or more years,2303.0,134.34,less than 100 DM,existing credits paid back duly till now,paid current credits on time,1,24,0.2747,0.3925,0,Bad Credit
42,75684.96,7 or more years,8086.0,1078.13,100 to 500 DM,delay in paying off in the past,past payment delay,4,36,0.1709,0.1068,0,Bad Credit
35,10575.77,4 to 7 years,2346.0,273.7,less than 100 DM,critical account or other credits existing,critical account history,2,24,0.3106,0.2218,1,Good Credit
22,16856.87,unemployed,3973.0,312.16,less than 100 DM,existing credits paid back duly till now,paid current credits on time,1,14,0.2222,0.2357,1,Good Credit
41,4525.25,7 or more years,888.0,103.6,less than 100 DM,existing credits paid back duly till now,paid current credits on time,1,12,0.2747,0.1962,0,Bad Credit
37,11520.19,4 to 7 years,10222.0,298.14,unknown or no savings account,existing credits paid back duly till now,paid current credits on time,1,48,0.3106,0.8873,1,Good Credit
28,18234.72,1 to 4 years,4221.0,337.68,less than 100 DM,no credits taken or all paid back duly,no prior payment record,2,30,0.2222,0.2315,1,Good Credit
41,29769.48,7 or more years,6361.0,424.07,less than 100 DM,critical account or other credits existing,critical account history,1,18,0.1709,0.2137,1,Good Credit
23,5901.35,1 to 4 years,1297.0,140.51,less than 100 DM,existing credits paid back duly till now,paid current credits on time,1,12,0.2857,0.2198,1,Good Credit
23,3528.0,1 to 4 years,900.0,105.0,unknown or no savings account,existing credits paid back duly till now,paid current credits on time,1,12,0.3571,0.2551,0,Bad Credit
50,13051.58,7 or more years,2241.0,298.8,less than 100 DM,existing credits paid back duly till now,paid current credits on time,2,21,0.2747,0.1717,1,Good Credit
35,12348.0,unemployed,1050.0,490.0,less than 100 DM,delay in paying off in the past,past payment delay,2,6,0.4762,0.085,1,Good Credit
50,11307.6,1 to 4 years,1047.0,209.4,less than 100 DM,critical account or other credits existing,critical account history,1,6,0.2222,0.0926,1,Good Credit
27,18563.16,unemployed,6314.0,736.63,less than 100 DM,critical account or other credits existing,critical account history,2,24,0.4762,0.3401,1,Good Credit
34,5481.73,1 to 4 years,3496.0,163.15,1000 DM or more,all credits at this bank paid back duly,paid previous credits,1,30,0.3572,0.6378,1,Good Credit
27,5954.85,1 to 4 years,3609.0,82.71,less than 100 DM,all credits at this bank paid back duly,paid previous credits,1,48,0.1667,0.6061,1,Good Credit
43,57292.69,7 or more years,4843.0,1049.32,less than 100 DM,critical account or other credits existing,critical account history,2,12,0.2198,0.0845,0,Bad Credit
47,6149.85,7 or more years,3017.0,140.79,less than 100 DM,critical account or other credits existing,critical account history,1,30,0.2747,0.4906,1,Good Credit
27,18832.45,1 to 4 years,4139.0,448.39,100 to 500 DM,critical account or other credits existing,critical account history,2,24,0.2857,0.2198,1,Good Credit
31,23771.88,4 to 7 years,5742.0,382.8,100 to 500 DM,existing credits paid back duly till now,paid current credits on time,2,36,0.1932,0.2415,1,Good Credit
42,14553.86,7 or more years,10366.0,207.32,less than 100 DM,existing credits paid back duly till now,paid current credits on time,1,60,0.1709,0.7123,1,Good Credit
24,27456.0,1 to 4 years,2080.0,381.33,500 to 1000 DM,critical account or other credits existing,critical account history,1,6,0.1667,0.0758,1,Good Credit
41,5201.28,less than 1 year,2580.0,172.0,500 to 1000 DM,delay in paying off in the past,past payment delay,1,21,0.3968,0.496,0,Bad Credit
26,8168.5,4 to 7 years,4530.0,211.4,less than 100 DM,critical account or other credits existing,critical account history,1,30,0.3106,0.5546,1,Good Credit
33,13122.2,7 or more years,5150.0,300.42,less than 100 DM,critical account or other credits existing,critical account history,1,24,0.2747,0.3925,1,Good Credit
24,5035.5,1 to 4 years,5595.0,93.25,100 to 500 DM,existing credits paid back duly till now,paid current credits on time,1,72,0.2222,1.1111,0,Bad Credit
64,6074.43,7 or more years,2384.0,139.07,less than 100 DM,existing credits paid back duly till now,paid current credits on time,1,24,0.2747,0.3925,1,Good Credit
26,3966.69,less than 1 year,1453.0,104.94,less than 100 DM,existing credits paid back duly till now,paid current credits on time,1,18,0.3175,0.3663,1,Good Credit
56,18271.44,less than 1 year,1538.0,281.97,less than 100 DM,existing credits paid back duly till now,paid current credits on time,1,6,0.1852,0.0842,1,Good Credit
37,8933.68,1 to 4 years,2279.0,265.88,unknown or no savings account,existing credits paid back duly till now,paid current credits on time,1,12,0.3571,0.2551,1,Good Credit
33,9270.02,1 to 4 years,1478.0,275.89,less than 100 DM,delay in paying off in the past,past payment delay,2,15,0.3571,0.1594,1,Good Credit
47,31345.18,less than 1 year,5103.0,829.24,less than 100 DM,critical account or other credits existing,critical account history,3,24,0.3175,0.1628,1,Good Credit
31,49876.42,4 to 7 years,9857.0,602.37,100 to 500 DM,delay in paying off in the past,past payment delay,2,36,0.1449,0.1976,1,Good Credit
34,5117.17,1 to 4 years,6527.0,152.3,unknown or no savings account,existing credits paid back duly till now,paid current credits on time,1,60,0.3572,1.2755,1,Good Credit
27,14573.46,4 to 7 years,1347.0,377.16,unknown or no savings account,critical account or other credits existing,critical account history,2,10,0.3106,0.0924,1,Good Credit
30,4861.58,7 or more years,2862.0,111.3,100 to 500 DM,delay in paying off in the past,past payment delay,1,36,0.2747,0.5887,1,Good Credit
35,21711.99,7 or more years,2753.0,397.66,100 to 500 DM,existing credits paid back duly till now,paid current credits on time,1,9,0.2198,0.1268,1,Good Credit
31,24096.6,1 to 4 years,3651.0,334.68,1000 DM or more,existing credits paid back duly till now,paid current credits on time,1,12,0.1667,0.1515,1,Good Credit
25,8424.0,1 to 4 years,975.0,156.0,less than 100 DM,critical account or other credits existing,critical account history,2,15,0.2222,0.1157,1,Good Credit
25,9576.84,1 to 4 years,2631.0,228.02,100 to 500 DM,existing credits paid back duly till now,paid current credits on time,1,15,0.2857,0.2747,1,Good Credit
29,7037.28,less than 1 year,2896.0,144.8,100 to 500 DM,existing credits paid back duly till now,paid current credits on time,1,24,0.2469,0.4115,1,Good Credit
44,112052.16,less than 1 year,4716.0,1729.2,unknown or no savings account,critical account or other credits existing,critical account history,2,6,0.1852,0.0421,1,Good Credit
28,5148.14,4 to 7 years,2284.0,133.23,less than 100 DM,existing credits paid back duly till now,paid current credits on time,1,24,0.3106,0.4437,1,Good Credit
50,13348.8,1 to 4 years,1236.0,247.2,500 to 1000 DM,existing credits paid back duly till now,paid current credits on time,1,6,0.2222,0.0926,1,Good Credit
29,9944.65,4 to 7 years,1103.0,257.37,less than 100 DM,existing credits paid back duly till now,paid current credits on time,2,12,0.3106,0.1109,1,Good Credit
38,4583.7,unemployed,926.0,84.88,less than 100 DM,critical account or other credits existing,critical account history,1,12,0.2222,0.202,1,Good Credit
24,9408.0,1 to 4 years,1800.0,280.0,less than 100 DM,critical account or other credits existing,critical account history,2,18,0.3571,0.1913,1,Good Credit
40,7766.3,7 or more years,1905.0,177.8,less than 100 DM,existing credits paid back duly till now,paid current credits on time,1,15,0.2747,0.2453,1,Good Credit
29,4402.16,1 to 4 years,1123.0,131.02,500 to 1000 DM,existing credits paid back duly till now,paid current credits on time,1,12,0.3572,0.2551,0,Bad Credit
46,16131.39,7 or more years,6331.0,369.31,less than 100 DM,critical account or other credits existing,critical account history,2,48,0.2747,0.3925,0,Bad Credit
47,3508.6,7 or more years,1377.0,80.32,100 to 500 DM,existing credits paid back duly till now,paid current credits on time,1,24,0.2747,0.3925,1,Good Credit
41,10204.23,7 or more years,2503.0,233.61,100 to 500 DM,delay in paying off in the past,past payment delay,2,30,0.2747,0.2453,1,Good Credit
32,3963.9,less than 1 year,2528.0,131.08,less than 100 DM,existing credits paid back duly till now,paid current credits on time,1,27,0.3968,0.6378,1,Good Credit
35,36543.94,7 or more years,5324.0,390.43,500 to 1000 DM,existing credits paid back duly till now,paid current credits on time,1,15,0.1282,0.1457,1,Good Credit
24,8581.3,4 to 7 years,6560.0,177.67,100 to 500 DM,existing credits paid back duly till now,paid current credits on time,1,48,0.2485,0.7645,0,Bad Credit
25,20949.26,less than 1 year,2969.0,692.77,less than 100 DM,no credits taken or all paid back duly,no prior payment record,2,12,0.3968,0.1417,0,Bad Credit
25,8194.37,7 or more years,1206.0,187.6,less than 100 DM,existing credits paid back duly till now,paid current credits on time,1,9,0.2747,0.1472,1,Good Credit
37,15249.6,1 to 4 years,2118.0,282.4,less than 100 DM,existing credits paid back duly till now,paid current credits on time,1,9,0.2222,0.1389,1,Good Credit
32,4273.85,7 or more years,629.0,97.84,500 to 1000 DM,critical account or other credits existing,critical account history,2,18,0.2747,0.1472,1,Good Credit
35,12210.02,7 or more years,1198.0,279.53,less than 100 DM,all credits at this bank paid back duly,paid previous credits,1,6,0.2747,0.0981,0,Bad Credit
46,7210.11,7 or more years,2476.0,165.07,unknown or no savings account,existing credits paid back duly till now,paid current credits on time,1,21,0.2747,0.3434,1,Good Credit
25,11895.89,1 to 4 years,1138.0,354.04,less than 100 DM,critical account or other credits existing,critical account history,2,9,0.3571,0.0957,1,Good Credit
27,12646.74,4 to 7 years,14027.0,327.3,less than 100 DM,existing credits paid back duly till now,paid current credits on time,1,60,0.3106,1.1091,0,Bad Credit
63,52138.94,7 or more years,7596.0,557.04,unknown or no savings account,critical account or other credits existing,critical account history,2,30,0.1282,0.1457,1,Good Credit
40,14560.36,7 or more years,3077.0,266.67,unknown or no savings account,critical account or other credits existing,critical account history,2,30,0.2198,0.2113,1,Good Credit
32,3933.07,1 to 4 years,1505.0,117.06,less than 100 DM,existing credits paid back duly till now,paid current credits on time,1,18,0.3572,0.3827,1,Good Credit
31,14323.4,1 to 4 years,3148.0,341.03,unknown or no savings account,critical account or other credits existing,critical account history,2,24,0.2857,0.2198,1,Good Credit
31,43638.5,7 or more years,6148.0,799.24,100 to 500 DM,no credits taken or all paid back duly,no prior payment record,2,20,0.2198,0.1409,1,Good Credit
34,12578.5,less than 1 year,1337.0,415.96,less than 100 DM,no credits taken or all paid back duly,no prior payment record,2,9,0.3968,0.1063,0,Bad Credit
24,3055.25,less than 1 year,433.0,101.03,1000 DM or more,all credits at this bank paid back duly,paid previous credits,1,6,0.3968,0.1417,0,Bad Credit
24,4813.76,1 to 4 years,1228.0,143.27,less than 100 DM,existing credits paid back duly till now,paid current credits on time,1,12,0.3572,0.2551,0,Bad Credit
66,4129.07,1 to 4 years,790.0,122.89,500 to 1000 DM,existing credits paid back duly till now,paid current credits on time,1,9,0.3571,0.1913,1,Good Credit
21,5197.11,1 to 4 years,2570.0,123.74,less than 100 DM,existing credits paid back duly till now,paid current credits on time,1,27,0.2857,0.4945,0,Bad Credit
41,5400.0,1 to 4 years,250.0,100.0,1000 DM or more,critical account or other credits existing,critical account history,2,6,0.2222,0.0463,1,Good Credit
47,11370.24,1 to 4 years,1316.0,210.56,500 to 1000 DM,critical account or other credits existing,critical account history,2,15,0.2222,0.1157,1,Good Credit
25,9836.59,1 to 4 years,1882.0,292.76,less than 100 DM,existing credits paid back duly till now,paid current credits on time,2,18,0.3571,0.1913,0,Bad Credit
59,8173.98,7 or more years,6416.0,187.13,less than 100 DM,all credits at this bank paid back duly,paid previous credits,1,48,0.2747,0.7849,0,Bad Credit
36,6885.0,1 to 4 years,1275.0,127.5,1000 DM or more,critical account or other credits existing,critical account history,2,24,0.2222,0.1852,1,Good Credit
33,19016.91,less than 1 year,6403.0,293.47,less than 100 DM,delay in paying off in the past,past payment delay,1,24,0.1852,0.3367,1,Good Credit
21,5364.9,1 to 4 years,1987.0,99.35,less than 100 DM,existing credits paid back duly till now,paid current credits on time,1,24,0.2222,0.3704,0,Bad Credit
44,5139.12,4 to 7 years,760.0,133.0,less than 100 DM,existing credits paid back duly till now,paid current credits on time,1,8,0.3106,0.1479,1,Good Credit
28,7028.1,1 to 4 years,2603.0,130.15,1000 DM or more,existing credits paid back duly till now,paid current credits on time,1,24,0.2222,0.3704,1,Good Credit
37,76962.6,4 to 7 years,3380.0,929.5,less than 100 DM,critical account or other credits existing,critical account history,1,4,0.1449,0.0439,1,Good Credit
29,5446.35,less than 1 year,3990.0,144.08,unknown or no savings account,all credits at this bank paid back duly,paid previous credits,1,36,0.3175,0.7326,1,Good Credit
23,76296.0,1 to 4 years,11560.0,1059.67,less than 100 DM,existing credits paid back duly till now,paid current credits on time,2,24,0.1667,0.1515,0,Bad Credit
35,13286.0,1 to 4 years,4380.0,316.33,100 to 500 DM,existing credits paid back duly till now,paid current credits on time,1,18,0.2857,0.3297,1,Good Credit
45,205263.96,4 to 7 years,6761.0,2479.03,less than 100 DM,critical account or other credits existing,critical account history,2,6,0.1449,0.0329,1,Good Credit
26,13422.08,1 to 4 years,4280.0,399.47,100 to 500 DM,no credits taken or all paid back duly,no prior payment record,2,30,0.3571,0.3189,0,Bad Credit
32,7219.12,4 to 7 years,2325.0,116.25,100 to 500 DM,all credits at this bank paid back duly,paid previous credits,1,24,0.1932,0.3221,1,Good Credit
23,4929.79,1 to 4 years,1048.0,146.72,less than 100 DM,all credits at this bank paid back duly,paid previous credits,1,10,0.3571,0.2126,1,Good Credit
41,9201.92,7 or more years,3160.0,210.67,unknown or no savings account,existing credits paid back duly till now,paid current credits on time,1,21,0.2747,0.3434,1,Good Credit
22,4866.68,1 to 4 years,2483.0,144.84,500 to 1000 DM,all credits at this bank paid back duly,paid previous credits,1,24,0.3571,0.5102,1,Good Credit
30,39334.73,4 to 7 years,14179.0,1017.98,unknown or no savings account,critical account or other credits existing,critical account history,2,39,0.3106,0.3605,1,Good Credit
28,13585.32,less than 1 year,1797.0,359.4,less than 100 DM,critical account or other credits existing,critical account history,2,13,0.3175,0.1323,1,Good Credit
23,9943.56,unemployed,2511.0,184.14,less than 100 DM,existing credits paid back duly till now,paid current credits on time,1,15,0.2222,0.2525,1,Good Credit
37,5217.03,less than 1 year,1274.0,138.02,less than 100 DM,existing credits paid back duly till now,paid current credits on time,1,12,0.3175,0.2442,0,Bad Credit
26,19792.46,1 to 4 years,5248.0,274.9,unknown or no savings account,existing credits paid back duly till now,paid current credits on time,1,21,0.1667,0.2652,1,Good Credit
33,15048.07,4 to 7 years,3029.0,242.32,less than 100 DM,existing credits paid back duly till now,paid current credits on time,1,15,0.1932,0.2013,1,Good Credit
49,6009.12,7 or more years,428.0,85.6,less than 100 DM,existing credits paid back duly till now,paid current credits on time,1,6,0.1709,0.0712,1,Good Credit
23,3864.96,less than 1 year,976.0,59.64,less than 100 DM,existing credits paid back duly till now,paid current credits on time,1,18,0.1852,0.2525,0,Bad Credit
23,5222.61,4 to 7 years,841.0,84.1,100 to 500 DM,existing credits paid back duly till now,paid current credits on time,1,12,0.1932,0.161,1,Good Credit
25,20812.53,4 to 7 years,5771.0,538.63,less than 100 DM,critical account or other credits existing,critical account history,2,30,0.3106,0.2773,1,Good Credit
55,15848.56,7 or more years,1555.0,362.83,1000 DM or more,delay in paying off in the past,past payment delay,2,12,0.2747,0.0981,0,Bad Credit
32,2896.39,4 to 7 years,1285.0,74.96,unknown or no savings account,existing credits paid back duly till now,paid current credits on time,1,24,0.3106,0.4437,0,Bad Credit
74,51440.4,1 to 4 years,1299.0,714.45,less than 100 DM,critical account or other credits existing,critical account history,3,6,0.1667,0.0253,1,Good Credit
39,9252.88,1 to 4 years,1271.0,220.31,unknown or no savings account,critical account or other credits existing,critical account history,2,15,0.2857,0.1374,0,Bad Credit
31,3761.1,1 to 4 years,1393.0,69.65,less than 100 DM,existing credits paid back duly till now,paid current credits on time,1,24,0.2222,0.3704,1,Good Credit
35,7042.67,7 or more years,691.0,161.23,less than 100 DM,critical account or other credits existing,critical account history,2,12,0.2747,0.0981,0,Bad Credit
59,34628.88,7 or more years,5045.0,369.97,unknown or no savings account,critical account or other credits existing,critical account history,1,15,0.1282,0.1457,1,Good Credit
24,11101.44,1 to 4 years,2124.0,330.4,less than 100 DM,critical account or other credits existing,critical account history,2,18,0.3571,0.1913,0,Bad Credit
24,8678.88,1 to 4 years,2214.0,258.3,less than 100 DM,existing credits paid back duly till now,paid current credits on time,1,12,0.3571,0.2551,1,Good Credit
30,36924.16,7 or more years,12680.0,845.33,unknown or no savings account,critical account or other credits existing,critical account history,1,21,0.2747,0.3434,0,Bad Credit
27,11103.2,4 to 7 years,2463.0,287.35,100 to 500 DM,critical account or other credits existing,critical account history,2,24,0.3106,0.2218,1,Good Credit
40,13663.65,7 or more years,1155.0,250.25,less than 100 DM,existing credits paid back duly till now,paid current credits on time,2,12,0.2198,0.0845,1,Good Credit
31,6041.95,less than 1 year,3108.0,124.32,less than 100 DM,existing credits paid back duly till now,paid current credits on time,1,30,0.2469,0.5144,0,Bad Credit
31,20678.33,less than 1 year,2901.0,319.11,unknown or no savings account,existing credits paid back duly till now,paid current credits on time,1,10,0.1852,0.1403,1,Good Credit
28,93101.58,7 or more years,3617.0,994.68,less than 100 DM,critical account or other credits existing,critical account history,3,12,0.1282,0.0389,1,Good Credit
63,23236.2,7 or more years,1655.0,331.0,less than 100 DM,critical account or other credits existing,critical account history,2,12,0.1709,0.0712,1,Good Credit
26,9870.12,7 or more years,2812.0,140.6,unknown or no savings account,existing credits paid back duly till now,paid current credits on time,1,24,0.1709,0.2849,1,Good Credit
25,24463.83,1 to 4 years,8065.0,582.47,less than 100 DM,critical account or other credits existing,critical account history,2,36,0.2857,0.3297,0,Bad Credit
36,16056.86,7 or more years,3275.0,171.55,less than 100 DM,critical account or other credits existing,critical account history,1,21,0.1282,0.204,1,Good Credit
52,11328.41,7 or more years,2223.0,259.35,100 to 500 DM,critical account or other credits existing,critical account history,2,24,0.2747,0.1962,1,Good Credit
66,17982.0,unemployed,1480.0,444.0,500 to 1000 DM,critical account or other credits existing,critical account history,3,12,0.2963,0.0823,1,Good Credit
25,2687.16,1 to 4 years,1371.0,79.97,unknown or no savings account,existing credits paid back duly till now,paid current credits on time,1,24,0.3571,0.5102,0,Bad Credit
37,10623.85,4 to 7 years,3535.0,274.94,less than 100 DM,critical account or other credits existing,critical account history,2,36,0.3106,0.3327,1,Good Credit
25,10545.71,4 to 7 years,3509.0,272.92,less than 100 DM,existing credits paid back duly till now,paid current credits on time,1,18,0.3106,0.3327,1,Good Credit
38,19402.17,7 or more years,5711.0,444.19,1000 DM or more,critical account or other credits existing,critical account history,2,36,0.2747,0.2943,1,Good Credit
67,10454.4,unemployed,3872.0,258.13,less than 100 DM,existing credits paid back duly till now,paid current credits on time,1,18,0.2963,0.3704,1,Good Credit
25,18851.65,4 to 7 years,4933.0,303.57,less than 100 DM,critical account or other credits existing,critical account history,2,39,0.1932,0.2617,0,Bad Credit
60,4943.12,7 or more years,1940.0,113.17,1000 DM or more,critical account or other credits existing,critical account history,1,24,0.2747,0.3925,1,Good Credit
31,7614.0,1 to 4 years,1410.0,141.0,less than 100 DM,no credits taken or all paid back duly,no prior payment record,1,12,0.2222,0.1852,1,Good Credit
23,2949.41,less than 1 year,836.0,97.53,100 to 500 DM,existing credits paid back duly till now,paid current credits on time,1,12,0.3968,0.2834,0,Bad Credit
60,19209.96,unemployed,6468.0,355.74,unknown or no savings account,existing credits paid back duly till now,paid current credits on time,1,20,0.2222,0.3367,1,Good Credit
35,5072.48,1 to 4 years,1941.0,150.97,1000 DM or more,existing credits paid back duly till now,paid current credits on time,1,18,0.3572,0.3827,1,Good Credit
40,8630.52,7 or more years,2675.0,158.07,500 to 1000 DM,existing credits paid back duly till now,paid current credits on time,1,22,0.2198,0.3099,1,Good Credit
38,7009.55,7 or more years,2751.0,160.48,unknown or no savings account,critical account or other credits existing,critical account history,2,48,0.2747,0.3925,1,Good Credit
50,7929.38,7 or more years,6224.0,181.53,less than 100 DM,delay in paying off in the past,past payment delay,1,48,0.2747,0.7849,0,Bad Credit
27,7053.65,1 to 4 years,5998.0,209.93,less than 100 DM,critical account or other credits existing,critical account history,1,40,0.3571,0.8503,0,Bad Credit
39,4765.58,7 or more years,1188.0,67.89,less than 100 DM,existing credits paid back duly till now,paid current credits on time,1,21,0.171,0.2493,0,Bad Credit
41,18670.7,7 or more years,6313.0,341.95,unknown or no savings account,existing credits paid back duly till now,paid current credits on time,1,24,0.2198,0.3381,1,Good Credit
27,32234.4,1 to 4 years,1221.0,447.7,unknown or no savings account,critical account or other credits existing,critical account history,2,6,0.1667,0.0379,1,Good Credit
51,8553.09,7 or more years,2892.0,156.65,less than 100 DM,existing credits paid back duly till now,paid current credits on time,1,24,0.2198,0.3381,1,Good Credit
32,7801.98,7 or more years,3062.0,178.62,500 to 1000 DM,existing credits paid back duly till now,paid current credits on time,1,24,0.2747,0.3925,1,Good Credit
22,14910.48,less than 1 year,2301.0,306.8,100 to 500 DM,existing credits paid back duly till now,paid current credits on time,1,9,0.2469,0.1543,1,Good Credit
51,42962.92,7 or more years,7511.0,459.01,unknown or no savings account,existing credits paid back duly till now,paid current credits on time,1,18,0.1282,0.1748,0,Bad Credit
22,12227.76,less than 1 year,1258.0,251.6,less than 100 DM,critical account or other credits existing,critical account history,2,12,0.2469,0.1029,1,Good Credit
54,3653.83,7 or more years,717.0,83.65,unknown or no savings account,delay in paying off in the past,past payment delay,2,24,0.2747,0.1962,1,Good Credit
35,7286.5,less than 1 year,1549.0,240.96,unknown or no savings account,existing credits paid back duly till now,paid current credits on time,1,9,0.3968,0.2126,1,Good Credit
54,8138.31,7 or more years,1597.0,186.32,less than 100 DM,critical account or other credits existing,critical account history,2,24,0.2747,0.1962,1,Good Credit
48,14156.57,7 or more years,1795.0,259.28,less than 100 DM,critical account or other credits existing,critical account history,2,18,0.2198,0.1268,1,Good Credit
24,43984.51,7 or more years,4272.0,469.92,less than 100 DM,critical account or other credits existing,critical account history,2,20,0.1282,0.0971,1,Good Credit
35,9947.39,7 or more years,976.0,227.73,unknown or no savings account,critical account or other credits existing,critical account history,2,12,0.2747,0.0981,1,Good Credit
24,36986.4,unemployed,7472.0,684.93,unknown or no savings account,existing credits paid back duly till now,paid current credits on time,1,12,0.2222,0.202,1,Good Credit
24,19190.97,4 to 7 years,9271.0,309.03,less than 100 DM,existing credits paid back duly till now,paid current credits on time,1,36,0.1932,0.4831,0,Bad Credit
26,4832.1,less than 1 year,590.0,127.83,less than 100 DM,existing credits paid back duly till now,paid current credits on time,1,6,0.3175,0.1221,1,Good Credit
65,18957.12,7 or more years,930.0,434.0,unknown or no savings account,critical account or other credits existing,critical account history,4,12,0.2747,0.0491,1,Good Credit
55,13128.81,unemployed,9283.0,243.13,less than 100 DM,all credits at this bank paid back duly,paid previous credits,1,42,0.2222,0.7071,1,Good Credit
26,13825.73,less than 1 year,1778.0,284.48,less than 100 DM,no credits taken or all paid back duly,no prior payment record,2,15,0.2469,0.1286,0,Bad Credit
26,5571.25,less than 1 year,907.0,147.39,less than 100 DM,existing credits paid back duly till now,paid current credits on time,1,8,0.3175,0.1628,1,Good Credit
28,5065.06,4 to 7 years,484.0,104.87,less than 100 DM,existing credits paid back duly till now,paid current credits on time,1,6,0.2485,0.0956,1,Good Credit
24,28938.35,4 to 7 years,9629.0,748.92,less than 100 DM,critical account or other credits existing,critical account history,2,36,0.3106,0.3327,0,Bad Credit
54,3470.51,1 to 4 years,3051.0,82.63,less than 100 DM,existing credits paid back duly till now,paid current credits on time,1,48,0.2857,0.8791,0,Bad Credit
46,4430.24,4 to 7 years,3931.0,114.65,less than 100 DM,existing credits paid back duly till now,paid current credits on time,1,48,0.3105,0.8873,0,Bad Credit
54,13377.6,1 to 4 years,7432.0,247.73,less than 100 DM,delay in paying off in the past,past payment delay,1,36,0.2222,0.5556,1,Good Credit
62,17661.6,1 to 4 years,1338.0,245.3,500 to 1000 DM,existing credits paid back duly till now,paid current credits on time,1,6,0.1667,0.0758,1,Good Credit
24,47179.44,4 to 7 years,1554.0,569.8,less than 100 DM,critical account or other credits existing,critical account history,2,6,0.1449,0.0329,1,Good Credit
43,21406.95,unemployed,15857.0,528.57,less than 100 DM,existing credits paid back duly till now,paid current credits on time,1,36,0.2963,0.7407,1,Good Credit
26,3514.93,1 to 4 years,1345.0,104.61,less than 100 DM,existing credits paid back duly till now,paid current credits on time,1,18,0.3571,0.3827,0,Bad Credit
27,10019.1,1 to 4 years,1101.0,238.55,less than 100 DM,existing credits paid back duly till now,paid current credits on time,2,12,0.2857,0.1099,1,Good Credit
24,13722.8,1 to 4 years,3016.0,326.73,less than 100 DM,existing credits paid back duly till now,paid current credits on time,1,12,0.2857,0.2198,1,Good Credit
41,6346.08,7 or more years,2712.0,90.4,less than 100 DM,existing credits paid back duly till now,paid current credits on time,1,36,0.1709,0.4274,0,Bad Credit
47,11175.53,7 or more years,731.0,255.85,less than 100 DM,critical account or other credits existing,critical account history,2,8,0.2747,0.0654,1,Good Credit
35,20638.8,less than 1 year,3780.0,546.0,less than 100 DM,critical account or other credits existing,critical account history,2,18,0.3175,0.1832,1,Good Credit
30,9330.05,7 or more years,1602.0,213.6,less than 100 DM,critical account or other credits existing,critical account history,2,21,0.2747,0.1717,1,Good Credit
33,68056.56,7 or more years,3966.0,727.1,less than 100 DM,critical account or other credits existing,critical account history,3,18,0.1282,0.0583,0,Bad Credit
36,29988.0,1 to 4 years,4165.0,555.33,less than 100 DM,no credits taken or all paid back duly,no prior payment record,2,18,0.2222,0.1389,0,Bad Credit
47,16433.84,7 or more years,8335.0,300.99,unknown or no savings account,existing credits paid back duly till now,paid current credits on time,1,36,0.2198,0.5072,0,Bad Credit
38,6547.38,1 to 4 years,6681.0,194.86,unknown or no savings account,delay in paying off in the past,past payment delay,1,48,0.3571,1.0204,1,Good Credit
44,9310.0,1 to 4 years,2375.0,277.08,500 to 1000 DM,delay in paying off in the past,past payment delay,2,24,0.3571,0.2551,1,Good Credit
23,2860.03,less than 1 year,1216.0,94.58,less than 100 DM,existing credits paid back duly till now,paid current credits on time,1,18,0.3968,0.4252,0,Bad Credit
29,44239.1,7 or more years,11816.0,630.19,less than 100 DM,no credits taken or all paid back duly,no prior payment record,2,45,0.1709,0.2671,0,Bad Credit
42,17844.84,7 or more years,5084.0,254.2,unknown or no savings account,existing credits paid back duly till now,paid current credits on time,1,24,0.1709,0.2849,1,Good Credit
25,9047.38,less than 1 year,2327.0,186.16,less than 100 DM,existing credits paid back duly till now,paid current credits on time,1,15,0.2469,0.2572,0,Bad Credit
48,8482.88,1 to 4 years,1082.0,252.47,less than 100 DM,no credits taken or all paid back duly,no prior payment record,2,12,0.3571,0.1276,0,Bad Credit
21,3473.12,1 to 4 years,886.0,103.37,unknown or no savings account,existing credits paid back duly till now,paid current credits on time,1,12,0.3572,0.2551,1,Good Credit
23,10709.82,less than 1 year,601.0,165.28,less than 100 DM,existing credits paid back duly till now,paid current credits on time,1,4,0.1852,0.0561,1,Good Credit
63,15068.87,7 or more years,2957.0,344.98,less than 100 DM,critical account or other credits existing,critical account history,2,24,0.2747,0.1962,1,Good Credit
46,13305.66,7 or more years,2611.0,304.62,less than 100 DM,critical account or other credits existing,critical account history,2,24,0.2747,0.1962,1,Good Credit
29,7782.31,4 to 7 years,5179.0,201.41,less than 100 DM,existing credits paid back duly till now,paid current credits on time,1,36,0.3106,0.6655,0,Bad Credit
28,15563.6,1 to 4 years,2993.0,370.56,less than 100 DM,delay in paying off in the past,past payment delay,2,21,0.2857,0.1923,1,Good Credit
23,4569.94,less than 1 year,1943.0,151.12,less than 100 DM,existing credits paid back duly till now,paid current credits on time,1,18,0.3968,0.4252,0,Bad Credit
50,3513.99,4 to 7 years,1559.0,90.94,less than 100 DM,all credits at this bank paid back duly,paid previous credits,1,24,0.3106,0.4437,1,Good Credit
47,34877.02,7 or more years,3422.0,798.47,less than 100 DM,existing credits paid back duly till now,paid current credits on time,3,18,0.2747,0.0981,1,Good Credit
35,14109.12,4 to 7 years,3976.0,227.2,unknown or no savings account,existing credits paid back duly till now,paid current credits on time,1,21,0.1932,0.2818,1,Good Credit
68,48679.2,1 to 4 years,6761.0,901.47,unknown or no savings account,existing credits paid back duly till now,paid current credits on time,2,18,0.2222,0.1389,0,Bad Credit
28,2203.24,less than 1 year,1249.0,72.86,less than 100 DM,existing credits paid back duly till now,paid current credits on time,1,24,0.3968,0.5669,1,Good Credit
59,9516.17,4 to 7 years,1364.0,197.02,less than 100 DM,existing credits paid back duly till now,paid current credits on time,1,9,0.2484,0.1433,1,Good Credit
57,3613.06,7 or more years,709.0,82.72,less than 100 DM,existing credits paid back duly till now,paid current credits on time,1,12,0.2747,0.1962,0,Bad Credit
33,10513.44,1 to 4 years,2235.0,312.9,less than 100 DM,critical account or other credits existing,critical account history,2,20,0.3571,0.2126,0,Bad Credit
43,21149.76,4 to 7 years,4042.0,437.88,unknown or no savings account,critical account or other credits existing,critical account history,2,24,0.2484,0.1911,1,Good Credit
35,9226.11,1 to 4 years,1471.0,274.59,less than 100 DM,critical account or other credits existing,critical account history,2,15,0.3571,0.1594,1,Good Credit
32,8667.38,4 to 7 years,1442.0,224.31,less than 100 DM,all credits at this bank paid back duly,paid previous credits,2,18,0.3106,0.1664,0,Bad Credit
45,50895.0,7 or more years,10875.0,725.0,less than 100 DM,delay in paying off in the past,past payment delay,2,36,0.1709,0.2137,1,Good Credit
33,2600.14,less than 1 year,1474.0,85.98,100 to 500 DM,existing credits paid back duly till now,paid current credits on time,1,24,0.3968,0.5669,1,Good Credit
40,4836.18,4 to 7 years,894.0,125.16,unknown or no savings account,existing credits paid back duly till now,paid current credits on time,1,10,0.3106,0.1849,1,Good Credit
28,10483.65,1 to 4 years,3343.0,312.01,less than 100 DM,critical account or other credits existing,critical account history,1,15,0.3571,0.3189,1,Good Credit
29,14410.76,1 to 4 years,3959.0,343.11,less than 100 DM,existing credits paid back duly till now,paid current credits on time,1,15,0.2857,0.2747,0,Bad Credit
26,31477.6,1 to 4 years,3577.0,437.19,100 to 500 DM,existing credits paid back duly till now,paid current credits on time,1,9,0.1667,0.1136,1,Good Credit
27,22751.68,1 to 4 years,5804.0,677.13,1000 DM or more,critical account or other credits existing,critical account history,2,24,0.3571,0.2551,1,Good Credit
28,5668.32,1 to 4 years,2169.0,168.7,less than 100 DM,delay in paying off in the past,past payment delay,1,18,0.3571,0.3827,0,Bad Credit
35,4302.4,less than 1 year,2439.0,142.27,less than 100 DM,existing credits paid back duly till now,paid current credits on time,1,24,0.3968,0.5669,0,Bad Credit
32,14193.54,less than 1 year,4526.0,469.36,1000 DM or more,critical account or other credits existing,critical account history,2,27,0.3968,0.3189,1,Good Credit
25,14320.8,1 to 4 years,2210.0,265.2,less than 100 DM,existing credits paid back duly till now,paid current credits on time,1,10,0.2222,0.1543,0,Bad Credit
20,9594.72,1 to 4 years,2221.0,177.68,500 to 1000 DM,existing credits paid back duly till now,paid current credits on time,1,15,0.2222,0.2315,1,Good Credit
27,5618.93,less than 1 year,2389.0,185.81,less than 100 DM,existing credits paid back duly till now,paid current credits on time,1,18,0.3968,0.4252,1,Good Credit
42,23383.62,7 or more years,3331.0,333.1,less than 100 DM,critical account or other credits existing,critical account history,1,12,0.1709,0.1425,1,Good Credit
37,29216.16,7 or more years,7409.0,535.09,unknown or no savings account,existing credits paid back duly till now,paid current credits on time,2,36,0.2198,0.2536,1,Good Credit
24,3322.59,7 or more years,652.0,76.07,less than 100 DM,existing credits paid back duly till now,paid current credits on time,1,12,0.2747,0.1962,1,Good Credit
40,31786.92,4 to 7 years,7678.0,511.87,500 to 1000 DM,delay in paying off in the past,past payment delay,2,36,0.1932,0.2415,1,Good Credit
46,46091.76,7 or more years,1343.0,492.43,less than 100 DM,critical account or other credits existing,critical account history,2,6,0.1282,0.0291,1,Good Credit
26,6230.06,4 to 7 years,1382.0,161.23,100 to 500 DM,critical account or other credits existing,critical account history,2,24,0.3106,0.2218,1,Good Credit
24,2466.78,less than 1 year,874.0,81.57,unknown or no savings account,existing credits paid back duly till now,paid current credits on time,1,15,0.3968,0.3543,1,Good Credit
29,19386.0,1 to 4 years,3590.0,359.0,less than 100 DM,existing credits paid back duly till now,paid current credits on time,1,12,0.2222,0.1852,1,Good Credit
40,11306.71,1 to 4 years,1322.0,336.51,1000 DM or more,critical account or other credits existing,critical account history,2,11,0.3571,0.1169,1,Good Credit
36,5296.2,less than 1 year,1940.0,140.11,less than 100 DM,all credits at this bank paid back duly,paid previous credits,1,18,0.3175,0.3663,1,Good Credit
28,6106.71,7 or more years,3595.0,139.81,less than 100 DM,existing credits paid back duly till now,paid current credits on time,1,36,0.2747,0.5887,1,Good Credit
27,7764.12,less than 1 year,1422.0,205.4,less than 100 DM,existing credits paid back duly till now,paid current credits on time,1,9,0.3175,0.1832,0,Bad Credit
36,33494.26,4 to 7 years,6742.0,539.36,unknown or no savings account,critical account or other credits existing,critical account history,2,30,0.1932,0.2013,1,Good Credit
38,20443.38,4 to 7 years,7814.0,423.26,less than 100 DM,existing credits paid back duly till now,paid current credits on time,1,24,0.2484,0.3822,1,Good Credit
48,25047.9,1 to 4 years,9277.0,463.85,unknown or no savings account,existing credits paid back duly till now,paid current credits on time,1,24,0.2222,0.3704,1,Good Credit
36,8891.5,7 or more years,2181.0,203.56,unknown or no savings account,critical account or other credits existing,critical account history,2,30,0.2747,0.2453,1,Good Credit
65,4304.16,unemployed,1098.0,170.8,less than 100 DM,critical account or other credits existing,critical account history,2,18,0.4762,0.2551,1,Good Credit
43,10614.13,4 to 7 years,4057.0,219.75,less than 100 DM,existing credits paid back duly till now,paid current credits on time,1,24,0.2484,0.3822,0,Bad Credit
53,2804.76,less than 1 year,795.0,92.75,less than 100 DM,existing credits paid back duly till now,paid current credits on time,1,12,0.3968,0.2834,0,Bad Credit
34,12735.1,4 to 7 years,2825.0,329.58,unknown or no savings account,critical account or other credits existing,critical account history,2,24,0.3106,0.2218,1,Good Credit
23,21157.2,1 to 4 years,15672.0,391.8,less than 100 DM,existing credits paid back duly till now,paid current credits on time,1,48,0.2222,0.7407,0,Bad Credit
34,22469.96,7 or more years,6614.0,514.42,less than 100 DM,critical account or other credits existing,critical account history,2,36,0.2747,0.2943,1,Good Credit
40,27462.24,less than 1 year,7824.0,726.51,unknown or no savings account,all credits at this bank paid back duly,paid previous credits,2,28,0.3175,0.2849,1,Good Credit
43,22123.43,7 or more years,2442.0,506.49,less than 100 DM,critical account or other credits existing,critical account history,4,27,0.2747,0.1104,1,Good Credit
46,14912.93,7 or more years,1829.0,341.41,less than 100 DM,critical account or other credits existing,critical account history,2,15,0.2747,0.1226,1,Good Credit
38,17020.64,1 to 4 years,2171.0,506.57,less than 100 DM,critical account or other credits existing,critical account history,2,12,0.3571,0.1276,1,Good Credit
34,17593.33,1 to 4 years,5800.0,418.89,less than 100 DM,critical account or other credits existing,critical account history,2,36,0.2857,0.3297,1,Good Credit
29,6109.97,1 to 4 years,1169.0,181.84,unknown or no savings account,critical account or other credits existing,critical account history,2,18,0.3571,0.1913,1,Good Credit
31,15605.06,4 to 7 years,8947.0,323.09,unknown or no savings account,delay in paying off in the past,past payment delay,1,36,0.2485,0.5733,1,Good Credit
28,5253.7,less than 1 year,2606.0,173.73,less than 100 DM,existing credits paid back duly till now,paid current credits on time,1,21,0.3968,0.496,1,Good Credit
35,8330.14,4 to 7 years,1592.0,172.47,1000 DM or more,critical account or other credits existing,critical account history,1,12,0.2485,0.1911,1,Good Credit
33,13273.39,4 to 7 years,2186.0,160.31,unknown or no savings account,existing credits paid back duly till now,paid current credits on time,1,15,0.1449,0.1647,1,Good Credit
42,14950.8,1 to 4 years,4153.0,276.87,less than 100 DM,existing credits paid back duly till now,paid current credits on time,1,18,0.2222,0.2778,0,Bad Credit
43,13820.62,7 or more years,2625.0,196.88,less than 100 DM,critical account or other credits existing,critical account history,1,16,0.1709,0.1899,0,Bad Credit
44,20324.52,less than 1 year,3485.0,418.2,unknown or no savings account,critical account or other credits existing,critical account history,2,20,0.2469,0.1715,1,Good Credit
42,49032.36,7 or more years,10477.0,698.47,unknown or no savings account,critical account or other credits existing,critical account history,2,36,0.1709,0.2137,1,Good Credit
40,4346.5,1 to 4 years,1386.0,129.36,unknown or no savings account,existing credits paid back duly till now,paid current credits on time,1,15,0.3571,0.3189,1,Good Credit
36,3256.34,7 or more years,1278.0,74.55,less than 100 DM,existing credits paid back duly till now,paid current credits on time,1,24,0.2747,0.3925,1,Good Credit
20,5977.8,1 to 4 years,1107.0,110.7,less than 100 DM,existing credits paid back duly till now,paid current credits on time,1,12,0.2222,0.1852,1,Good Credit
24,13353.27,4 to 7 years,3763.0,215.03,unknown or no savings account,existing credits paid back duly till now,paid current credits on time,1,21,0.1932,0.2818,1,Good Credit
27,6679.8,1 to 4 years,3711.0,123.7,unknown or no savings account,existing credits paid back duly till now,paid current credits on time,1,36,0.2222,0.5556,1,Good Credit
46,34157.38,less than 1 year,3594.0,527.12,less than 100 DM,delay in paying off in the past,past payment delay,2,15,0.1852,0.1052,1,Good Credit
33,28116.0,1 to 4 years,3195.0,390.5,unknown or no savings account,existing credits paid back duly till now,paid current credits on time,1,9,0.1667,0.1136,1,Good Credit
34,11639.79,1 to 4 years,4454.0,346.42,less than 100 DM,delay in paying off in the past,past payment delay,2,36,0.3571,0.3827,1,Good Credit
25,11508.48,less than 1 year,4736.0,236.8,less than 100 DM,critical account or other credits existing,critical account history,1,24,0.2469,0.4115,0,Bad Credit
25,8398.73,7 or more years,2991.0,119.64,unknown or no savings account,existing credits paid back duly till now,paid current credits on time,1,30,0.1709,0.3561,1,Good Credit
28,20049.12,7 or more years,2142.0,214.2,1000 DM or more,existing credits paid back duly till now,paid current credits on time,1,11,0.1282,0.1068,1,Good Credit
31,6195.56,1 to 4 years,3161.0,184.39,less than 100 DM,all credits at this bank paid back duly,paid previous credits,1,24,0.3571,0.5102,0,Bad Credit
32,30399.6,1 to 4 years,18424.0,422.22,less than 100 DM,no credits taken or all paid back duly,no prior payment record,1,48,0.1667,0.6061,0,Bad Credit
32,22556.16,1 to 4 years,2848.0,313.28,100 to 500 DM,existing credits paid back duly till now,paid current credits on time,1,10,0.1667,0.1263,1,Good Credit
68,255615.36,7 or more years,14896.0,2730.93,less than 100 DM,existing credits paid back duly till now,paid current credits on time,1,6,0.1282,0.0583,0,Bad Credit
33,5838.53,unemployed,2359.0,108.12,100 to 500 DM,existing credits paid back duly till now,paid current credits on time,1,24,0.2222,0.404,0,Bad Credit
39,8523.06,7 or more years,3345.0,195.12,less than 100 DM,existing credits paid back duly till now,paid current credits on time,1,24,0.2747,0.3925,0,Bad Credit
28,9496.85,1 to 4 years,1817.0,282.64,less than 100 DM,critical account or other credits existing,critical account history,2,18,0.3571,0.1913,1,Good Credit
37,14368.12,4 to 7 years,12749.0,371.85,500 to 1000 DM,delay in paying off in the past,past payment delay,1,48,0.3106,0.8873,1,Good Credit
22,7458.36,less than 1 year,1366.0,197.31,less than 100 DM,existing credits paid back duly till now,paid current credits on time,1,9,0.3175,0.1832,0,Bad Credit
30,10475.46,4 to 7 years,2002.0,216.88,less than 100 DM,existing credits paid back duly till now,paid current credits on time,1,12,0.2484,0.1911,1,Good Credit
55,16698.96,less than 1 year,6872.0,343.6,less than 100 DM,all credits at this bank paid back duly,paid previous credits,1,24,0.2469,0.4115,0,Bad Credit
46,4918.03,less than 1 year,697.0,162.63,less than 100 DM,all credits at this bank paid back duly,paid previous credits,2,12,0.3968,0.1417,0,Bad Credit
21,2467.25,less than 1 year,1049.0,81.59,less than 100 DM,critical account or other credits existing,critical account history,1,18,0.3968,0.4252,1,Good Credit
39,34814.16,4 to 7 years,10297.0,900.99,less than 100 DM,existing credits paid back duly till now,paid current credits on time,3,48,0.3106,0.2958,0,Bad Credit
58,3805.69,7 or more years,1867.0,87.13,unknown or no savings account,existing credits paid back duly till now,paid current credits on time,1,30,0.2747,0.4906,1,Good Credit
43,10536.96,1 to 4 years,1344.0,313.6,less than 100 DM,delay in paying off in the past,past payment delay,2,12,0.3571,0.1276,1,Good Credit
24,3081.71,less than 1 year,1747.0,101.91,less than 100 DM,existing credits paid back duly till now,paid current credits on time,1,24,0.3968,0.5669,1,Good Credit
22,7855.68,less than 1 year,1670.0,259.78,less than 100 DM,existing credits paid back duly till now,paid current credits on time,1,9,0.3968,0.2126,0,Bad Credit
30,14851.2,1 to 4 years,1224.0,353.6,less than 100 DM,critical account or other credits existing,critical account history,2,9,0.2857,0.0824,1,Good Credit
42,5320.22,7 or more years,522.0,121.8,500 to 1000 DM,critical account or other credits existing,critical account history,2,12,0.2747,0.0981,1,Good Credit
23,5872.16,1 to 4 years,1498.0,174.77,less than 100 DM,existing credits paid back duly till now,paid current credits on time,1,12,0.3571,0.2551,1,Good Credit
30,5416.19,less than 1 year,1919.0,179.11,100 to 500 DM,delay in paying off in the past,past payment delay,2,30,0.3968,0.3543,0,Bad Credit
28,4519.67,1 to 4 years,745.0,107.61,less than 100 DM,existing credits paid back duly till now,paid current credits on time,1,9,0.2857,0.1648,0,Bad Credit
30,14556.53,less than 1 year,2063.0,481.37,less than 100 DM,existing credits paid back duly till now,paid current credits on time,1,6,0.3968,0.1417,1,Good Credit
42,4929.79,1 to 4 years,6288.0,146.72,less than 100 DM,existing credits paid back duly till now,paid current credits on time,1,60,0.3571,1.2755,0,Bad Credit
46,36946.8,1 to 4 years,6842.0,684.2,unknown or no savings account,critical account or other credits existing,critical account history,2,24,0.2222,0.1852,1,Good Credit
45,17141.22,less than 1 year,3527.0,352.7,unknown or no savings account,existing credits paid back duly till now,paid current credits on time,1,12,0.2469,0.2058,1,Good Credit
31,8441.16,1 to 4 years,1546.0,200.98,less than 100 DM,existing credits paid back duly till now,paid current credits on time,1,10,0.2857,0.1832,1,Good Credit
31,2093.97,4 to 7 years,929.0,54.19,unknown or no savings account,existing credits paid back duly till now,paid current credits on time,1,24,0.3105,0.4437,1,Good Credit
42,81319.95,4 to 7 years,1455.0,1309.5,less than 100 DM,critical account or other credits existing,critical account history,3,4,0.1932,0.0179,1,Good Credit
46,5207.33,less than 1 year,1845.0,172.2,less than 100 DM,existing credits paid back duly till now,paid current credits on time,1,15,0.3968,0.3543,1,Good Credit
30,24823.26,less than 1 year,8358.0,383.08,500 to 1000 DM,no credits taken or all paid back duly,no prior payment record,2,48,0.1852,0.3367,1,Good Credit
30,5907.64,less than 1 year,3349.0,195.36,500 to 1000 DM,all credits at this bank paid back duly,paid previous credits,1,24,0.3968,0.5669,0,Bad Credit
38,8405.46,unemployed,2859.0,333.55,unknown or no savings account,existing credits paid back duly till now,paid current credits on time,1,12,0.4762,0.3401,1,Good Credit
43,3605.62,less than 1 year,1533.0,119.23,less than 100 DM,existing credits paid back duly till now,paid current credits on time,1,18,0.3968,0.4252,0,Bad Credit
31,25419.42,7 or more years,3621.0,362.1,100 to 500 DM,existing credits paid back duly till now,paid current credits on time,2,24,0.1709,0.1425,0,Bad Credit
40,24501.75,unemployed,3590.0,777.83,less than 100 DM,critical account or other credits existing,critical account history,3,18,0.381,0.1465,1,Good Credit
24,8880.3,4 to 7 years,2145.0,143.0,less than 100 DM,delay in paying off in the past,past payment delay,2,36,0.1932,0.2415,0,Bad Credit
28,8421.37,less than 1 year,4113.0,222.79,500 to 1000 DM,existing credits paid back duly till now,paid current credits on time,1,24,0.3175,0.4884,0,Bad Credit
26,21509.04,unemployed,10974.0,853.53,less than 100 DM,existing credits paid back duly till now,paid current credits on time,2,36,0.4762,0.5102,0,Bad Credit
29,7420.56,1 to 4 years,1893.0,220.85,less than 100 DM,existing credits paid back duly till now,paid current credits on time,1,12,0.3571,0.2551,1,Good Credit
57,6273.18,7 or more years,1231.0,143.62,1000 DM or more,critical account or other credits existing,critical account history,2,24,0.2747,0.1962,1,Good Credit
49,14904.78,7 or more years,3656.0,341.23,unknown or no savings account,critical account or other credits existing,critical account history,2,30,0.2747,0.2453,1,Good Credit
37,32404.32,7 or more years,1154.0,461.6,less than 100 DM,critical account or other credits existing,critical account history,3,9,0.1709,0.0356,1,Good Credit
45,7811.7,1 to 4 years,4006.0,185.99,less than 100 DM,existing credits paid back duly till now,paid current credits on time,1,28,0.2857,0.5128,0,Bad Credit
30,7819.81,7 or more years,3069.0,179.02,100 to 500 DM,existing credits paid back duly till now,paid current credits on time,1,24,0.2747,0.3925,1,Good Credit
30,48859.2,7 or more years,1740.0,696.0,less than 100 DM,critical account or other credits existing,critical account history,2,6,0.1709,0.0356,1,Good Credit
47,17748.34,1 to 4 years,2353.0,246.5,less than 100 DM,delay in paying off in the past,past payment delay,2,21,0.1667,0.1326,1,Good Credit
29,12943.84,1 to 4 years,3556.0,308.19,unknown or no savings account,existing credits paid back duly till now,paid current credits on time,1,15,0.2857,0.2747,1,Good Credit
35,14178.26,7 or more years,2397.0,259.68,500 to 1000 DM,existing credits paid back duly till now,paid current credits on time,2,24,0.2198,0.1691,0,Bad Credit
22,3718.26,less than 1 year,454.0,98.37,less than 100 DM,existing credits paid back duly till now,paid current credits on time,1,6,0.3175,0.1221,1,Good Credit
26,2689.12,1 to 4 years,1715.0,80.03,unknown or no savings account,existing credits paid back duly till now,paid current credits on time,1,30,0.3571,0.6378,1,Good Credit
23,8780.8,1 to 4 years,2520.0,261.33,500 to 1000 DM,critical account or other credits existing,critical account history,2,27,0.3571,0.287,0,Bad Credit
54,14546.02,7 or more years,3568.0,333.01,less than 100 DM,existing credits paid back duly till now,paid current credits on time,1,15,0.2747,0.2453,1,Good Credit
29,12714.53,4 to 7 years,7166.0,204.74,unknown or no savings account,existing credits paid back duly till now,paid current credits on time,1,42,0.1932,0.5636,1,Good Credit
40,56721.6,1 to 4 years,3939.0,787.8,less than 100 DM,critical account or other credits existing,critical account history,2,11,0.1667,0.0694,1,Good Credit
22,4747.9,1 to 4 years,1514.0,141.31,100 to 500 DM,existing credits paid back duly till now,paid current credits on time,1,15,0.3572,0.3189,1,Good Credit
43,24396.9,1 to 4 years,7393.0,338.85,less than 100 DM,existing credits paid back duly till now,paid current credits on time,1,24,0.1667,0.303,1,Good Credit
29,5905.35,unemployed,1193.0,109.36,less than 100 DM,all credits at this bank paid back duly,paid previous credits,2,24,0.2222,0.202,0,Bad Credit
36,7437.1,7 or more years,7297.0,170.26,less than 100 DM,existing credits paid back duly till now,paid current credits on time,1,60,0.2747,0.9812,0,Bad Credit
33,4439.01,1 to 4 years,2831.0,132.11,less than 100 DM,critical account or other credits existing,critical account history,1,30,0.3571,0.6378,1,Good Credit
57,2861.95,1 to 4 years,1258.0,68.14,500 to 1000 DM,existing credits paid back duly till now,paid current credits on time,1,24,0.2857,0.4396,1,Good Credit
64,8132.4,1 to 4 years,753.0,150.6,less than 100 DM,existing credits paid back duly till now,paid current credits on time,1,6,0.2222,0.0926,1,Good Credit
42,16490.66,7 or more years,2427.0,377.53,unknown or no savings account,delay in paying off in the past,past payment delay,2,18,0.2747,0.1472,1,Good Credit
47,12933.65,7 or more years,2538.0,296.1,less than 100 DM,delay in paying off in the past,past payment delay,2,24,0.2747,0.1962,0,Bad Credit
25,5460.48,1 to 4 years,1264.0,101.12,100 to 500 DM,all credits at this bank paid back duly,paid previous credits,1,15,0.2222,0.2315,0,Bad Credit
49,20830.82,4 to 7 years,8386.0,335.44,less than 100 DM,critical account or other credits existing,critical account history,1,30,0.1932,0.4026,0,Bad Credit
33,4132.54,unemployed,4844.0,131.19,less than 100 DM,existing credits paid back duly till now,paid current credits on time,1,48,0.3809,1.1722,0,Bad Credit
28,11023.89,1 to 4 years,2923.0,153.11,100 to 500 DM,existing credits paid back duly till now,paid current credits on time,1,21,0.1667,0.2652,1,Good Credit
26,14812.2,1 to 4 years,8229.0,274.3,less than 100 DM,existing credits paid back duly till now,paid current credits on time,1,36,0.2222,0.5556,0,Bad Credit
30,12593.88,4 to 7 years,2028.0,202.8,less than 100 DM,critical account or other credits existing,critical account history,2,24,0.1932,0.161,1,Good Credit
25,8987.78,1 to 4 years,1433.0,267.49,less than 100 DM,critical account or other credits existing,critical account history,2,15,0.3571,0.1594,1,Good Credit
33,17465.45,less than 1 year,6289.0,359.37,less than 100 DM,no credits taken or all paid back duly,no prior payment record,2,42,0.2469,0.3601,1,Good Credit
64,5267.49,unemployed,1409.0,130.06,100 to 500 DM,existing credits paid back duly till now,paid current credits on time,1,13,0.2963,0.2675,1,Good Credit
29,9671.13,unemployed,6579.0,383.78,less than 100 DM,existing credits paid back duly till now,paid current credits on time,1,24,0.4762,0.6803,1,Good Credit
48,8882.33,7 or more years,1743.0,203.35,less than 100 DM,critical account or other credits existing,critical account history,2,24,0.2747,0.1962,1,Good Credit
37,34651.8,less than 1 year,3565.0,713.0,unknown or no savings account,critical account or other credits existing,critical account history,2,12,0.2469,0.1029,1,Good Credit
34,6396.5,7 or more years,1569.0,146.44,100 to 500 DM,all credits at this bank paid back duly,paid previous credits,1,15,0.2747,0.2453,1,Good Credit
23,16030.08,4 to 7 years,1936.0,258.13,unknown or no savings account,existing credits paid back duly till now,paid current credits on time,2,18,0.1932,0.1208,1,Good Credit
30,3879.82,unemployed,3959.0,153.96,less than 100 DM,existing credits paid back duly till now,paid current credits on time,1,36,0.4762,1.0204,1,Good Credit
50,12179.44,7 or more years,2390.0,278.83,unknown or no savings account,existing credits paid back duly till now,paid current credits on time,1,12,0.2747,0.1962,1,Good Credit
31,9083.62,4 to 7 years,1736.0,188.07,less than 100 DM,existing credits paid back duly till now,paid current credits on time,1,12,0.2485,0.1911,1,Good Credit
40,6047.78,1 to 4 years,3857.0,179.99,less than 100 DM,existing credits paid back duly till now,paid current credits on time,1,30,0.3571,0.6378,1,Good Credit
38,4097.18,7 or more years,804.0,93.8,less than 100 DM,existing credits paid back duly till now,paid current credits on time,1,12,0.2747,0.1962,1,Good Credit
23,1928.64,1 to 4 years,1845.0,57.4,less than 100 DM,existing credits paid back duly till now,paid current credits on time,1,45,0.3571,0.9566,0,Bad Credit
27,4164.16,unemployed,4576.0,132.2,100 to 500 DM,critical account or other credits existing,critical account history,1,45,0.381,1.0989,1,Good Credit
